tree
version=v4
num_class=1
num_tree_per_iteration=1
label_index=0
max_feature_idx=3
objective=binary sigmoid:1
feature_names=Column_0 Column_1 Column_2 Column_3
feature_infos=[2:35] [0:15] [0:1] [0:26]
tree_sizes=1552 1601 1498 1497 1604 1510 1596 1506 1404 1503 1505 1516 1606 1405 1622 1514 1617 1608 1619 1499 1605 1518 1406 1516 1622 1518 1405 1414 1525 1409 1408 1509 1417 1520 1411 1634 1724 1622 1515 1409 1641 1409 1411 1410 1510 1514 1418 1518 1518 1629 1516 1414 1521 1412 1520 1512 1622 1415 1517 1521 1521 1526 1512 1431 1531 1517 1425 1516 1524 1634 1426 1524 1527 1418 1522 1624 1629 1419 1621 1420 1635 1428 1521 1526 1629 1426 1523 1422 1635 1428 1527 1420 1628 1523 1521 1424 1523 1412 1525 1419

Tree=0
num_leaves=14
num_cat=0
split_feature=3 3 3 2 2 1 2 3 3 0 3 0 2
split_gain=6.43071 4.36865 4.33893 3.20441 2.71581 2.78643 1.50101 1.43549 1.64284 0.495524 1.55385 0.0183928 0.000296418
threshold=3.5000000000000004 2.5000000000000004 8.5000000000000018 0.43303571428571436 0.20714285714285716 3.5000000000000004 0.34523809523809529 1.0000000180025095e-35 1.5000000000000002 13.500000000000002 13.500000000000002 14.500000000000002 0.18898809523809526
decision_type=2 2 2 2 2 2 2 2 2 2 2 2 2
left_child=1 3 12 4 7 -6 -7 -1 -9 -4 -11 -12 -2
right_child=2 -3 9 -5 5 6 -8 8 -10 10 11 -13 -14
leaf_value=-1.2358756142161673 -1.3346568723211696 -1.2155457939997183 -1.3034292487912011 -1.2328276651582288 -1.3185969516486142 -1.2628098587860541 -1.3038753576987721 -1.2968345953749345 -1.2498961798826838 -1.2584304372449111 -1.2928341622363904 -1.2968345953749345 -1.3340195738817824
leaf_weight=3.5661898702383095 3.7360084354877499 3.3963713049888602 5.6040126532316235 3.9058270007371894 6.7927426099777248 6.4531054794788343 3.3963713049888611 3.9058270007371902 3.5661898702383041 3.9058270007371911 10.868388175964354 3.9058270007371911 3.5661898702383041
leaf_count=21 22 20 33 23 40 38 20 23 21 23 64 23 21
internal_value=-1.2842 -1.26943 -1.30055 -1.27522 -1.28121 -1.29396 -1.27697 -1.26198 -1.27443 -1.29039 -1.28648 -1.29389 -1.33435
internal_weight=66.5689 34.9826 31.5863 31.5863 27.6804 16.6422 9.84948 11.0382 7.47202 24.2841 18.68 14.7742 7.3022
internal_count=392 206 186 186 163 98 58 65 44 143 110 87 43
is_linear=0
shrinkage=1


Tree=1
num_leaves=14
num_cat=0
split_feature=3 3 3 2 2 1 2 3 3 0 3 0 2
split_gain=5.80565 4.08868 3.73838 2.7885 2.42895 2.5699 1.34797 1.23696 1.45593 0.454439 1.39096 0.0169049 0.000317315
threshold=3.5000000000000004 8.5000000000000018 2.5000000000000004 0.43303571428571436 0.20714285714285716 3.5000000000000004 0.34523809523809529 1.0000000180025095e-35 1.5000000000000002 13.500000000000002 13.500000000000002 14.500000000000002 0.162280701754386
decision_type=2 2 2 2 2 2 2 2 2 2 2 2 2
left_child=2 12 3 4 7 -6 -7 -1 -9 -3 -11 -12 -2
right_child=1 9 -4 -5 5 6 -8 8 -10 10 11 -13 -14
leaf_value=0.044651385073587534 -0.048729228546716831 -0.018477666678199483 0.062717942176942584 0.047386333838145125 -0.03334710430950652 0.020067874530338505 -0.018911220131101435 -0.012095043227284101 0.031948527114273984 0.024116638631655557 -0.0082471896709655681 -0.012095043227284098 -0.049398183847750736
leaf_weight=3.6636614352464729 3.4642372280359295 5.5429579317569759 3.528156876564025 4.01930347084999 6.6603577136993435 6.5312301814556104 3.3585098385810852 3.8778666704893112 3.6354096829891205 3.962789550423623 10.815216064453123 3.8778666704893121 3.6304882764816284
leaf_count=21 21 33 20 23 40 38 20 23 21 23 64 23 22
internal_value=-1.62073e-05 -0.0156933 0.0138916 0.00846527 0.00282328 -0.00933827 0.00683075 0.0208313 0.00921609 -0.0059073 -0.00217245 -0.00926273 -0.0490715
internal_weight=66.5681 31.2936 35.2745 31.7463 27.727 16.5501 9.88974 11.1769 7.51328 24.1988 18.6559 14.6931 7.09473
internal_count=392 186 206 186 163 98 58 65 44 143 110 87 43
is_linear=0
shrinkage=0.05


Tree=2
num_leaves=13
num_cat=0
split_feature=3 3 3 2 2 1 2 2 3 3 3 3
split_gain=5.24459 3.9505 3.21914 2.43559 2.17475 2.36968 1.21136 1.17497 1.07066 1.29252 0.149434 0.127269
threshold=3.5000000000000004 12.500000000000002 2.5000000000000004 0.43303571428571436 0.20714285714285716 3.5000000000000004 0.34523809523809529 0.067816091954023008 1.0000000180025095e-35 1.5000000000000002 5.5000000000000009 13.500000000000002
decision_type=2 2 2 2 2 2 2 2 2 2 2 2
left_child=2 10 3 4 8 -6 -7 11 -1 -10 -2 -3
right_child=1 7 -4 -5 5 6 -8 -9 9 -11 -12 -13
leaf_value=0.041378158991854735 -0.049537343347786061 -0.014926036914656228 0.057577644181689563 0.043849166947814627 -0.032318496210989908 0.018847550807857556 -0.01816765386772537 0.02366717475829707 -0.011572251831650364 0.029809494705886942 -0.036755758344165917 -0.005639282142259245
leaf_weight=3.7533799856901222 3.8465974032878893 5.1603232026100203 3.6477187275886527 4.1235324889421454 6.5320318937301662 6.6044534742832166 3.3221161365509033 3.4204901754856101 3.8511010855436325 3.6997366100549698 5.6391701698303223 12.941146031022072
leaf_count=21 24 31 20 23 40 38 20 20 23 21 34 77
internal_value=-2.98113e-05 -0.0150566 0.0130829 0.00799276 0.00266711 -0.00893045 0.00645971 -0.00320829 0.0195528 0.00870385 -0.0419389 -0.00828673
internal_weight=66.5418 31.0077 35.5341 31.8864 27.7628 16.4586 9.92657 21.522 11.3042 7.55084 9.48577 18.1015
internal_count=392 186 206 186 163 98 58 128 65 44 58 108
is_linear=0
shrinkage=0.05


Tree=3
num_leaves=13
num_cat=0
split_feature=3 3 3 2 0 2 1 1 2 1 3 0
split_gain=4.7398 3.6999 2.78683 2.13422 2.10482 2.3208 1.32304 1.07924 0.247629 0.221302 0.146801 0.0226716
threshold=3.5000000000000004 12.500000000000002 2.5000000000000004 0.43303571428571436 15.500000000000002 0.19615384615384621 3.5000000000000004 1.0000000180025095e-35 0.31789473684210529 1.5000000000000002 5.5000000000000009 13.500000000000002
decision_type=2 2 2 2 2 2 2 2 2 2 2 2
left_child=2 10 3 4 5 9 -7 11 -8 -1 -2 -3
right_child=1 7 -4 -5 -6 6 8 -9 -10 -11 -12 -13
leaf_value=0.025677422464202071 -0.048534727294153188 -0.012553446434479943 0.053075906127036103 0.040685675885561434 0.036187134447109109 -0.032124001193746934 0.0064769586596659483 0.015722327197725903 -0.011093673073783908 0.0099658844516842156 -0.035696614604250151 -0.0084706870299453962
leaf_weight=3.8678911328315788 3.73266549408436 4.9426294863224038 3.7563011050224295 4.2193623036146155 3.9780802428722373 6.574128344655036 4.214602589607237 5.6418630331754676 3.8252327442169189 5.3292405009269714 5.5192510783672333 10.896607130765915
leaf_count=22 24 30 20 23 23 41 24 33 23 30 34 65
internal_value=-4.11042e-05 -0.0144414 0.0123332 0.00755191 0.00252105 -0.00310348 -0.0154869 -0.00305597 -0.00188288 0.0165734 -0.0408761 -0.00974471
internal_weight=66.4979 30.733 35.7648 32.0085 27.7892 23.8111 14.614 21.4811 8.03984 9.19713 9.25192 15.8392
internal_count=392 186 206 186 163 140 88 128 47 52 58 95
is_linear=0
shrinkage=0.05


Tree=4
num_leaves=14
num_cat=0
split_feature=3 3 3 2 0 2 0 1 0 3 1 0 2
split_gain=4.28524 3.48184 2.42378 1.87544 1.86179 2.09856 1.30203 2.48285 0.36562 1.31825 0.193956 0.0319291 0.000393883
threshold=3.5000000000000004 8.5000000000000018 2.5000000000000004 0.43303571428571436 15.500000000000002 0.19615384615384621 13.500000000000002 3.5000000000000004 13.500000000000002 13.500000000000002 1.5000000000000002 14.500000000000002 0.18898809523809526
decision_type=2 2 2 2 2 2 2 2 2 2 2 2 2
left_child=2 12 3 4 5 10 -7 -8 -3 -10 -1 -11 -2
right_child=1 8 -4 -5 -6 6 7 -9 9 11 -12 -13 -14
leaf_value=0.024049583979287227 -0.046573442021482808 -0.016486186957520545 0.049097051575207773 0.037839222375659586 0.033685407713471199 -0.03872817696984724 -0.036743048359539197 0.013660714722769654 0.02385617538249234 -0.0072284623812255179 0.0094159340646213768 -0.012514947323177407 -0.045796867164425235
leaf_weight=3.9217724502086693 3.3466822057962444 5.3840810805559185 3.8550037145614615 4.3075517117977133 4.0577059537172309 4.0965222865343067 3.9339819401502609 6.4475034773349762 3.9702464193105707 10.67754554748535 5.3577230423688889 3.8992705345153817 3.1884612590074539
leaf_count=22 22 33 20 23 23 25 25 38 23 64 30 23 21
internal_value=-5.00147e-05 -0.0138487 0.0116348 0.00713902 0.00238469 -0.00296137 -0.0148584 -0.00543939 -0.00501562 -0.00168579 0.0156005 -0.00864259 -0.0461946
internal_weight=66.4441 30.4663 35.9778 32.1228 27.8152 23.7575 14.478 10.3815 23.9311 18.5471 9.2795 14.5768 6.53514
internal_count=392 186 206 186 163 140 88 63 143 110 52 87 43
is_linear=0
shrinkage=0.05


Tree=5
num_leaves=13
num_cat=0
split_feature=3 3 2 1 3 3 1 1 1 2 0 0
split_gain=3.87516 3.35101 2.12421 3.27128 1.95202 1.69165 0.934425 0.931018 0.32588 0.153929 0.0168913 0.000228552
threshold=3.5000000000000004 12.500000000000002 0.12916666666666668 3.5000000000000004 1.0000000180025095e-35 1.0000000180025095e-35 1.0000000180025095e-35 2.5000000000000004 5.5000000000000009 0.18898809523809526 13.500000000000002 13.500000000000002
decision_type=2 2 2 2 2 2 2 2 2 2 2 2
left_child=2 9 -1 4 11 8 10 -6 -5 -2 -3 -4
right_child=1 6 3 5 7 -7 -8 -9 -10 -11 -12 -13
leaf_value=0.038986506804653508 -0.044168538982470154 -0.011305401034458706 0.0068354987635232539 0.015556383228443139 -0.012580757554983999 0.040737152951002734 0.014801777358933461 -0.048363973414060873 -0.0031441447756279869 -0.03050832888599004 -0.0077555074743261634 0.0074054724996492783
leaf_weight=5.7034531086683264 5.5918079316616076 4.85885113477707 3.5267367511987704 5.6058871299028414 3.7750243842601776 6.5573274195194236 5.6902087032794944 3.5060036331415176 3.9862021952867508 3.2672303169965744 10.797907248139381 3.5084929913282394
leaf_count=31 36 30 21 32 21 36 33 22 22 22 65 21
internal_value=-5.90314e-05 -0.0132791 0.0109815 0.00573869 -0.0116628 0.0211649 -0.00255068 -0.0298113 0.00778497 -0.0391306 -0.00885717 0.00711975
internal_weight=66.3751 30.206 36.1691 30.4657 14.3163 16.1494 21.347 7.28103 9.59209 8.85904 15.6568 7.03523
internal_count=392 186 206 175 85 90 128 43 54 58 95 42
is_linear=0
shrinkage=0.05


Tree=6
num_leaves=14
num_cat=0
split_feature=3 3 3 2 0 2 0 1 0 3 1 0 2
split_gain=3.50405 3.14008 2.00184 1.64798 1.6004 1.82513 1.21796 2.11884 0.316017 1.23599 0.1131 0.0415125 0.00056363
threshold=3.5000000000000004 8.5000000000000018 2.5000000000000004 0.43303571428571436 15.500000000000002 0.19615384615384621 13.500000000000002 3.5000000000000004 13.500000000000002 13.500000000000002 1.5000000000000002 14.500000000000002 0.162280701754386
decision_type=2 2 2 2 2 2 2 2 2 2 2 2 2
left_child=2 12 3 4 5 10 -7 -8 -3 -10 -1 -11 -2
right_child=1 8 -4 -5 -6 6 7 -9 9 11 -12 -13 -14
leaf_value=0.020169055498275842 -0.04394224417623506 -0.015242242633635673 0.043783223763246691 0.03466269717278362 0.030362516646354722 -0.037829957363164995 -0.035130022219720301 0.01180268853590981 0.023268211417020741 -0.0065390095293816524 0.0091062875246211619 -0.012572260919753518 -0.044896415244216052
leaf_weight=4.0531832277774864 3.0157966911792782 5.2865308374166515 3.9897690415382376 4.4077523797750464 4.1647235900163642 4.0139872133731815 3.7948410511016846 6.5655030459165573 3.9886105954647073 10.58527088165283 5.3729627579450607 3.9021584093570718 3.1792465150356293
leaf_count=22 21 33 20 23 23 25 25 38 23 64 30 23 22
internal_value=-6.60147e-05 -0.0127281 0.0103657 0.00624724 0.00176852 -0.003235 -0.0144474 -0.00538807 -0.00446277 -0.00137845 0.0138632 -0.00816405 -0.0444319
internal_weight=66.3203 29.9576 36.3627 32.373 27.9652 23.8005 14.3743 10.3603 23.7626 18.476 9.42615 14.4874 6.19504
internal_count=392 186 206 186 163 140 88 63 143 110 52 87 43
is_linear=0
shrinkage=0.05


Tree=7
num_leaves=13
num_cat=0
split_feature=3 3 3 2 0 2 3 3 1 2 2 0
split_gain=3.17021 3.03205 1.75766 1.46098 1.45401 1.69717 1.69194 2.17217 0.809519 0.617967 0.165479 0.0123004
threshold=3.5000000000000004 12.500000000000002 2.5000000000000004 0.45227272727272733 15.500000000000002 0.28991596638655465 1.0000000180025095e-35 1.5000000000000002 1.0000000180025095e-35 0.20714285714285716 0.18898809523809526 13.500000000000002
decision_type=2 2 2 2 2 2 2 2 2 2 2 2
left_child=2 10 3 4 5 6 9 -8 11 -1 -2 -3
right_child=1 8 -4 -5 -6 -7 7 -9 -10 -11 -12 -13
leaf_value=0.036699629505429085 -0.042773567694300109 -0.010148228246485473 0.040778652184531972 0.034633053338453235 0.027042232536476238 -0.027363279458529344 -0.033029371547456013 0.015373139785316179 0.013949957188656912 0.0095481632155438537 -0.028292584785518771 -0.0070983305925317033
leaf_weight=3.3828102350235074 5.3710542172193545 4.7823612391948709 4.0674557834863654 3.8959514498710623 4.8158655464649192 5.5250258594751349 5.0040018856525403 4.3181294947862625 5.7346612811088553 5.5076246559619904 3.1181093156337738 10.707928851246834
leaf_count=18 36 30 20 20 26 33 31 24 33 34 22 65
internal_value=-7.27517e-05 -0.0121996 0.009795 0.00591127 0.00199236 -0.00308974 0.00427396 -0.0106087 -0.0020986 0.0198793 -0.0374546 -0.00803993
internal_weight=66.231 29.7141 36.5169 32.4494 28.5535 23.7376 18.2126 9.32213 21.225 8.89043 8.48916 15.4903
internal_count=392 186 206 186 166 140 107 55 128 52 58 95
is_linear=0
shrinkage=0.05


Tree=8
num_leaves=12
num_cat=0
split_feature=3 3 1 2 3 3 1 2 2 2 3
split_gain=2.86793 2.83235 1.67272 2.57448 2.26564 1.27744 0.966604 0.819612 0.738761 0.15981 0.0849488
threshold=3.5000000000000004 12.500000000000002 1.5000000000000002 0.25833333333333336 1.0000000180025095e-35 1.0000000180025095e-35 2.5000000000000004 0.4045454545454546 0.067816091954023008 0.18898809523809526 13.500000000000002
decision_type=2 2 2 2 2 2 2 2 2 2 2
left_child=2 9 -1 5 7 -4 -7 -5 10 -2 -3
right_child=1 8 3 4 -6 6 -8 -9 -10 -11 -12
leaf_value=0.035088614539662909 -0.041785657114021192 -0.011766375921500545 0.0066793275482668491 -0.0072222448131626484 0.043364010915861367 -0.0058954953263797849 -0.039721961570343266 0.020794984235025713 0.018737860918190522 -0.027398639843125034 -0.0040352550730450012
leaf_weight=5.3525756895542136 5.2268317788839358 4.9350869655609175 6.3128269314765957 6.1446133852005023 5.8619204312562934 4.1642947494983655 4.2850732654333115 4.5382971167564392 3.5715930163860312 3.0603455007076263 12.688685894012451
leaf_count=28 36 31 37 36 31 23 27 24 20 22 77
internal_value=-7.8497e-05 -0.0116883 0.00925842 0.00484222 0.0183859 -0.010337 -0.0230505 0.00467999 -0.0019979 -0.0364727 -0.00620016
internal_weight=66.1421 29.4825 36.6596 31.307 16.5448 14.7622 8.44937 10.6829 21.1954 8.28718 17.6238
internal_count=392 186 206 178 91 87 50 60 128 58 108
is_linear=0
shrinkage=0.05


Tree=9
num_leaves=13
num_cat=0
split_feature=3 3 2 2 3 3 2 1 0 3 0 2
split_gain=2.59453 2.70982 1.48961 2.4643 1.97851 1.71139 0.733012 0.532341 0.253834 1.20467 0.0580238 0.00144049
threshold=3.5000000000000004 8.5000000000000018 0.12916666666666668 0.25833333333333336 1.0000000180025095e-35 1.0000000180025095e-35 0.4045454545454546 2.5000000000000004 13.500000000000002 13.500000000000002 14.500000000000002 0.162280701754386
decision_type=2 2 2 2 2 2 2 2 2 2 2 2
left_child=2 11 -1 5 6 -4 -5 -7 -3 -10 -11 -2
right_child=1 8 3 4 -6 7 -8 -9 9 10 -12 -13
leaf_value=0.031506568274230227 -0.041182264841498124 -0.013489040216032569 0.008754361299037677 -0.006889685042296762 0.04033277415133648 -0.012770039115469187 0.01955274904312922 -0.0386638868839006 0.023432581752008561 -0.0057187052131526233 -0.012852272098527802 -0.042767678019206834
leaf_weight=6.0165781378746024 2.7669220268726376 5.1512664109468487 6.1373558342456835 6.1197990924119967 5.9840623289346686 3.7757866680622101 4.5840768069028854 4.1847981959581375 3.9759153574705133 10.476463317871092 3.9161311239004144 2.9712969958782196
leaf_count=31 21 33 36 36 31 21 24 27 23 64 23 22
internal_value=-8.31322e-05 -0.0111965 0.00875198 0.00430499 0.0173072 -0.0110859 0.00443464 -0.0263822 -0.00368042 -0.00092969 -0.0076597 -0.0420032
internal_weight=66.0605 29.258 36.8025 30.7859 16.6879 14.0979 10.7039 7.96058 23.5198 18.3685 14.3926 5.73822
internal_count=392 186 206 175 91 84 60 48 143 110 87 43
is_linear=0
shrinkage=0.05


Tree=10
num_leaves=13
num_cat=0
split_feature=3 3 3 2 0 2 3 3 1 1 2 0
split_gain=2.34789 2.5576 1.38757 1.10226 1.3101 1.60845 1.4634 1.8962 0.646806 0.480631 0.171526 0.00664798
threshold=3.5000000000000004 12.500000000000002 2.5000000000000004 0.45227272727272733 15.500000000000002 0.28991596638655465 1.0000000180025095e-35 1.5000000000000002 1.0000000180025095e-35 2.5000000000000004 0.18898809523809526 13.500000000000002
decision_type=2 2 2 2 2 2 2 2 2 2 2 2
left_child=2 10 3 4 5 6 9 -8 11 -1 -2 -3
right_child=1 8 -4 -5 -6 -7 7 -9 -10 -11 -12 -13
leaf_value=0.030607343899781356 -0.040491559573627586 -0.0085794642888694633 0.035309307832024787 0.029232776522000788 0.024926954458503729 -0.027185758659272002 -0.031847682099269241 0.013506755658521342 0.012594681794258052 0.0074475747581770309 -0.025263142980095549 -0.0063170616367916772
leaf_weight=4.0986073315143674 5.0263473689556148 4.6805919706821451 4.2064929753541938 4.0461252927780142 4.8896131813526145 5.5043524354696265 4.8608846664428693 4.3820947557687759 5.805452734231948 4.9405335932970047 2.925248458981514 10.601882144808769
leaf_count=22 36 30 20 20 26 33 31 24 33 30 22 65
internal_value=-8.73761e-05 -0.0107246 0.00827739 0.0048024 0.00135533 -0.00349012 0.00364413 -0.0103452 -0.00161286 0.0179489 -0.0348893 -0.00700997
internal_weight=65.9682 29.0395 36.9287 32.7222 28.6761 23.7865 18.2821 9.24298 21.0879 9.03914 7.9516 15.2825
internal_count=392 186 206 186 166 140 107 55 128 52 58 95
is_linear=0
shrinkage=0.05


Tree=11
num_leaves=13
num_cat=0
split_feature=3 3 1 1 1 3 1 2 1 3 0 2
split_gain=2.12463 2.43871 1.28629 2.13254 1.31204 1.0135 0.48264 0.251068 0.96331 0.19608 0.00608938 0.00200841
threshold=3.5000000000000004 8.5000000000000018 1.5000000000000002 3.5000000000000004 2.5000000000000004 1.0000000180025095e-35 5.5000000000000009 0.07417582417582419 1.0000000180025095e-35 1.0000000180025095e-35 13.500000000000002 0.162280701754386
decision_type=2 2 2 2 2 2 2 2 2 2 2 2
left_child=2 11 -1 4 9 6 -5 8 10 -4 -3 -2
right_child=1 7 3 5 -6 -7 -8 -9 -10 -11 -12 -13
leaf_value=0.030043499736327028 -0.03939611697608747 -0.0081947017459806076 0.0094876339271569004 0.015226157409638303 -0.028052356933624997 0.030565202503865976 -0.0072664204456589932 -0.014580780984137202 0.020560233415259352 -0.0055204267114324322 -0.0060242320968823164 -0.041317757089092508
leaf_weight=5.5429298579692832 2.6135431975126293 4.6559818089008376 4.5876381546258944 5.6125791370868701 5.9682475030422202 7.0333032160997382 4.1473175585269928 4.0432552099227896 4.1221092939376822 4.1405777782201767 10.562402859330177 2.8342751711606979
leaf_count=28 21 30 25 32 40 36 22 24 24 23 65 22
internal_value=-9.08918e-05 -0.0102685 0.00783283 0.00392322 -0.00998576 0.0160956 0.00566828 -0.00324957 -0.000880702 0.00236796 -0.00668828 -0.0403959
internal_weight=65.8642 28.8316 37.0326 31.4897 14.6965 16.7932 9.7599 23.3837 19.3405 8.72822 15.2184 5.44782
internal_count=392 186 206 178 88 90 54 143 119 48 95 43
is_linear=0
shrinkage=0.05


Tree=12
num_leaves=14
num_cat=0
split_feature=3 3 3 2 0 2 3 3 1 3 0 0 2
split_gain=1.92298 2.28984 1.15533 0.983099 1.15568 1.51756 1.32263 1.70334 0.372018 0.238587 1.07434 0.0760717 0.00193866
threshold=3.5000000000000004 8.5000000000000018 2.5000000000000004 0.45227272727272733 15.500000000000002 0.28991596638655465 1.0000000180025095e-35 1.5000000000000002 2.5000000000000004 13.500000000000002 13.500000000000002 14.500000000000002 0.162280701754386
decision_type=2 2 2 2 2 2 2 2 2 2 2 2 2
left_child=2 12 3 4 5 6 8 -8 -1 10 -3 -11 -2
right_child=1 9 -4 -5 -6 -7 7 -9 -10 11 -12 -13 -14
leaf_value=0.027716784341519175 -0.038521355412833483 -0.012083019323651164 0.031798008760548911 0.027112629016559538 0.022891605841533866 -0.026755488366737801 -0.030891354071082424 0.012195802624488331 0.0074558639945571312 -0.0048721784932299114 0.02261401520065941 -0.013044403756855304 -0.040436452921808953
leaf_weight=4.1883596032857984 2.5411045774817493 5.045299306511879 4.2956879734992972 4.1050620526075354 4.9663773477077475 5.4629829078912726 4.7579326629638654 4.4288707673549652 4.9352266043424606 10.365331649780272 3.999535396695137 3.9262680709362039 2.7533180639147758
leaf_count=22 21 33 20 20 26 33 31 24 30 64 23 23 22
internal_value=-9.30475e-05 -0.0098305 0.00741336 0.00422415 0.000954861 -0.00362784 0.0032724 -0.0101194 0.016757 -0.00309535 0.00325966 -0.0071173 -0.0395173
internal_weight=65.7714 28.6309 37.1405 32.8448 28.7397 23.7734 18.3104 9.1868 9.12359 23.3364 9.04483 14.2916 5.29442
internal_count=392 186 206 186 166 140 107 55 52 143 56 87 43
is_linear=0
shrinkage=0.05


Tree=13
num_leaves=12
num_cat=0
split_feature=3 3 1 2 3 3 1 3 2 2 0
split_gain=1.74065 2.18943 1.12108 1.95073 1.5126 0.925589 0.826717 0.571559 0.560293 0.198429 0.0696536
threshold=3.5000000000000004 12.500000000000002 1.5000000000000002 0.25833333333333336 1.0000000180025095e-35 1.0000000180025095e-35 2.5000000000000004 13.500000000000002 0.4045454545454546 0.18898809523809526 14.500000000000002
decision_type=2 2 2 2 2 2 2 2 2 2 2
left_child=2 9 -1 5 8 -4 -7 -3 -5 -2 -9
right_child=1 7 3 4 -6 6 -8 10 -10 -11 -12
leaf_value=0.027567632504052933 -0.038777274873927979 0.010905109107572107 0.0041002170794472385 -0.0064557283697990065 0.034558336519009025 -0.0055314043770026784 -0.037372104823316842 -0.0046423427872474398 0.016552227652884503 -0.02185676852176973 -0.012486294311783242
leaf_weight=5.6334967613220206 4.7618707492947605 6.7168762087821969 6.4651352465152767 6.0795836895704287 6.2019651532173148 4.1347350478172284 4.0212369859218597 10.335365295410154 4.6852537393569946 2.723769947886467 3.8974283337593087
leaf_count=28 36 41 37 36 31 23 27 64 24 22 23
internal_value=-9.58191e-05 -0.00941019 0.0070199 0.00335534 0.0148898 -0.0100296 -0.0212302 -0.00111679 0.00355818 -0.0326205 -0.00679029
internal_weight=65.6567 28.4353 37.2214 31.5879 16.9668 14.6211 8.15597 20.9497 10.7648 7.48564 14.2328
internal_count=392 186 206 178 91 87 50 128 60 58 87
is_linear=0
shrinkage=0.05


Tree=14
num_leaves=14
num_cat=0
split_feature=3 3 2 1 3 2 3 2 1 3 0 2 0
split_gain=1.57522 2.05706 1.00408 1.89356 1.24183 0.99423 1.82133 0.224713 0.867671 0.0916503 0.00792091 0.00266278 0.000914977
threshold=3.5000000000000004 8.5000000000000018 0.12916666666666668 3.5000000000000004 1.0000000180025095e-35 0.4045454545454546 1.0000000180025095e-35 0.07417582417582419 1.0000000180025095e-35 1.5000000000000002 13.500000000000002 0.162280701754386 13.500000000000002
decision_type=2 2 2 2 2 2 2 2 2 2 2 2 2
left_child=2 11 -1 4 12 6 -5 8 10 -6 -3 -2 -4
right_child=1 7 3 5 9 -7 -8 -9 -10 -11 -12 -13 -14
leaf_value=0.024854130981291245 -0.036773423113539219 -0.0077722596028877589 0.0031195395440484163 0.0027978687515291226 -0.031774556766728114 -0.0037574018587803906 0.042254794843332777 -0.013535165156514839 0.019769816954358907 -0.020099594386221935 -0.0052882682357156879 -0.039075682597192359 0.0042432009042948698
leaf_weight=6.2951802462339392 2.4021563902497318 4.6291239559650466 3.6380459964275378 5.917287692427637 3.4867713451385498 5.3275259584188452 5.7830685675144196 3.9803216457366934 4.1479763984680167 3.2457785308361053 10.463804736733437 2.6320760473608971 3.6087544560432434
leaf_count=31 21 30 21 34 25 27 29 24 24 18 65 22 21
internal_value=-9.72487e-05 -0.00900249 0.0066482 0.00295198 -0.0106849 0.0141474 0.0223 -0.00272095 -0.000483835 -0.026146 -0.00605013 -0.0379771 0.0036791
internal_weight=65.5579 28.2555 37.3024 31.0072 13.9794 17.0279 11.7004 23.2212 19.2409 6.73255 15.0929 5.03423 7.2468
internal_count=392 186 206 175 85 90 63 143 119 43 95 43 42
is_linear=0
shrinkage=0.05


Tree=15
num_leaves=13
num_cat=0
split_feature=3 3 0 1 2 2 3 1 3 2 2 3
split_gain=1.42567 1.93208 0.980788 3.18689 1.67995 1.11694 2.41744 0.943949 0.730512 0.54078 0.20641 0.0716487
threshold=3.5000000000000004 12.500000000000002 8.5000000000000018 1.5000000000000002 0.25833333333333336 0.4045454545454546 1.0000000180025095e-35 2.5000000000000004 1.0000000180025095e-35 0.067816091954023008 0.18898809523809526 13.500000000000002
decision_type=2 2 2 2 2 2 2 2 2 2 2 2
left_child=2 10 -1 -4 7 6 -6 -5 -9 11 -2 -3
right_child=1 9 3 4 5 -7 -8 8 -10 -11 -12 -13
leaf_value=-0.017590241107143877 -0.037401852973250847 -0.0098069821988178967 0.053224485045257522 0.0043726766606070593 0.0013019490840935123 -0.0035756556895404422 0.049865565350702967 -0.0043634054685833352 -0.036107957431181184 0.016610982102420738 -0.019776065138168236 -0.0026167864626929732
leaf_weight=3.8542988896369925 4.5681717097759273 4.7980193495750472 3.638514205813407 7.0211905092000979 5.3286868035793287 5.3186352699995032 4.9365330934524536 3.392766535282135 3.8904136419296265 3.6319807469844809 2.6100394576787949 12.468060478568077
leaf_count=20 36 31 18 38 31 27 24 21 27 20 22 77
internal_value=-9.86658e-05 -0.00861311 0.00629639 0.00904244 0.00366384 0.0150209 0.0246561 -0.00870905 -0.0213202 -0.000925903 -0.030993 -0.00461485
internal_weight=65.4573 28.0763 37.381 33.5267 29.8882 15.5839 10.2652 14.3044 7.28318 20.8981 7.17821 17.2661
internal_count=392 186 206 186 168 82 55 86 48 128 58 108
is_linear=0
shrinkage=0.05


Tree=16
num_leaves=14
num_cat=0
split_feature=3 3 0 1 2 2 3 1 3 3 0 0 2
split_gain=1.28978 1.84601 0.886341 2.79524 1.51066 0.99274 2.11583 0.86633 0.686392 0.230952 0.988959 0.079598 0.00352887
threshold=3.5000000000000004 8.5000000000000018 8.5000000000000018 1.5000000000000002 0.25833333333333336 0.4045454545454546 1.0000000180025095e-35 2.5000000000000004 1.0000000180025095e-35 13.500000000000002 13.500000000000002 14.500000000000002 0.162280701754386
decision_type=2 2 2 2 2 2 2 2 2 2 2 2 2
left_child=2 12 -1 -4 7 6 -6 -5 -9 10 -3 -11 -2
right_child=1 9 3 4 5 -7 -8 8 -10 11 -12 -13 -14
leaf_value=-0.016847111303491241 -0.035048671610270227 -0.011002107616304772 0.049434976573254713 0.0041447630232108517 0.0012359361331561623 -0.0034024353101296612 0.046432872264617141 -0.0041560851092107961 -0.035112362675317657 -0.0040475229985792822 0.022419404268400014 -0.012443257102893138 -0.037765637552254344
leaf_weight=3.8238903433084479 2.2730453461408642 4.9638596624135971 3.7193707823753348 7.0365037620067614 5.3325331062078458 5.3101611733436576 5.0337820649147034 3.3841346353292465 3.8029394894838333 10.258230209350584 3.9947086125612259 3.8950077295303354 2.5201199129223824
leaf_count=20 21 33 18 38 31 27 24 21 27 64 23 23 22
internal_value=-0.000101162 -0.00823803 0.00596292 0.00855734 0.00347243 0.0141777 0.0231831 -0.00832634 -0.0205362 -0.00238151 0.00390085 -0.00635805 -0.0364772
internal_weight=65.3483 27.905 37.4433 33.6194 29.9001 15.6765 10.3663 14.2236 7.18707 23.1118 8.95857 14.1532 4.79317
internal_count=392 186 206 186 168 82 55 86 48 143 56 87 43
is_linear=0
shrinkage=0.05


Tree=17
num_leaves=14
num_cat=0
split_feature=3 3 0 1 2 0 2 3 1 3 2 1 0
split_gain=1.16727 1.73833 0.801207 2.45971 1.35921 0.96049 1.17424 0.812989 0.671916 0.509523 0.21773 0.178333 0.072802
threshold=3.5000000000000004 12.500000000000002 8.5000000000000018 1.5000000000000002 0.25833333333333336 14.500000000000002 0.28991596638655465 1.0000000180025095e-35 2.5000000000000004 13.500000000000002 0.18898809523809526 5.5000000000000009 14.500000000000002
decision_type=2 2 2 2 2 2 2 2 2 2 2 2 2
left_child=2 10 -1 -4 7 6 -6 -5 -9 -3 -2 -8 -11
right_child=1 9 3 4 5 -7 11 8 -10 12 -12 -13 -14
leaf_value=-0.016131659398506578 -0.036284926360072987 0.010667682411104672 0.04603819310342519 0.0053628110790502883 0.027227650529235932 0.033621674982251618 0.0016274482581558028 -0.0047814452321012658 -0.034134664793649898 -0.0038547324335766876 -0.017834060984769726 -0.013936398350902345 -0.011907415994514628
leaf_weight=3.7945732474327079 4.4092309549450901 6.7186523973941812 3.7921392023563376 6.3285346478223818 4.1218144595622999 4.2754065841436377 3.7054863274097443 4.098383441567421 3.7184468731284142 10.233361244201658 2.5086063370108604 3.6568844318389893 3.8674897402524957
leaf_count=20 36 41 18 36 21 21 21 23 27 64 22 19 23
internal_value=-0.000103145 -0.0078794 0.00564993 0.00810272 0.00329226 0.0133912 0.00585971 -0.00795917 -0.0187447 -0.0006641 -0.0295941 -0.0061031 -0.00606337
internal_weight=65.229 27.7373 37.4917 33.6971 29.905 15.7596 11.4842 14.1454 7.81683 20.8195 6.91784 7.36237 14.1009
internal_count=392 186 206 186 168 82 61 86 50 128 58 40 87
is_linear=0
shrinkage=0.05


Tree=18
num_leaves=14
num_cat=0
split_feature=3 3 2 0 1 2 3 2 2 0 2 3 2
split_gain=1.05605 1.6543 0.758842 1.07313 2.43676 1.43128 1.42451 1.27421 0.484064 0.374671 1.77829 0.0214579 0.00456058
threshold=3.5000000000000004 8.5000000000000018 0.45227272727272733 12.500000000000002 1.5000000000000002 0.25833333333333336 1.0000000180025095e-35 0.20714285714285716 0.14642857142857144 18.500000000000004 0.067816091954023008 13.500000000000002 0.162280701754386
decision_type=2 2 2 2 2 2 2 2 2 2 2 2 2
left_child=2 12 3 -1 -5 7 -7 8 -6 10 11 -3 -2
right_child=1 9 -4 4 5 6 -8 -9 -10 -11 -12 -13 -14
leaf_value=-0.023636351608719353 -0.033337208508251386 -0.0094209928977496814 0.025520944661048962 0.042973879563670263 -0.009114926468085963 -0.0031676379518515833 0.031077356005562232 -0.030775517149286363 0.014505045796643246 -0.017860822114232115 0.032113108252836899 -0.0054263129873322212 -0.036501567866362029
leaf_weight=3.4317789524793616 2.1530084460973766 4.7711723297834476 4.1489168107509604 3.8576510846614864 5.1844072341918963 6.4701272398233396 5.7227137237787247 4.9961128234863272 3.7295394539833069 3.231358289718627 3.6323034018278113 11.37992912530899 2.4167956188321114
leaf_count=19 21 31 20 18 28 37 27 36 21 19 22 71 22
internal_value=-0.000104095 -0.00753184 0.00535366 0.00284793 0.00588152 0.000399783 0.0129053 -0.0105619 0.000767522 -0.00207564 0.000502659 -0.00660638 -0.0350107
internal_weight=65.1258 27.5846 37.5412 33.3923 29.9606 26.1029 12.1928 13.9101 8.91395 23.0148 19.7834 16.1511 4.5698
internal_count=392 186 206 186 167 149 64 85 49 143 124 102 43
is_linear=0
shrinkage=0.05


Tree=19
num_leaves=13
num_cat=0
split_feature=3 3 2 0 1 2 3 2 3 2 2 0
split_gain=0.955974 1.57341 0.675099 0.976422 2.15948 1.2927 1.26611 1.18189 0.45299 0.43539 0.229753 0.0668874
threshold=3.5000000000000004 12.500000000000002 0.45227272727272733 12.500000000000002 1.5000000000000002 0.25833333333333336 1.0000000180025095e-35 0.20714285714285716 13.500000000000002 0.14642857142857144 0.18898809523809526 14.500000000000002
decision_type=2 2 2 2 2 2 2 2 2 2 2 2
left_child=2 10 3 -1 -5 7 -7 9 -3 -6 -2 -10
right_child=1 8 -4 4 5 6 -8 -9 11 -11 -12 -13
leaf_value=-0.0227274089664707 -0.035271197271932508 0.010243523088505716 0.023988491618152152 0.040193947163470835 -0.0086996064394922312 -0.0030145561522966248 0.02918862908209581 -0.029846000000639052 -0.003410974121350001 0.013673903127806954 -0.015976912883707981 -0.011163442728867849
leaf_weight=3.3916190713644019 4.2686554268002537 6.7424108982086191 4.19211122393608 3.91664791107178 5.1609307825565356 6.4590422064065915 5.786656841635704 4.896690919995307 10.176361083984373 3.7576747462153435 2.4163033813238144 3.8292493969202051
leaf_count=19 36 41 20 18 28 37 27 36 64 21 22 23
internal_value=-0.000105893 -0.0072015 0.00507639 0.0027005 0.00557737 0.000374921 0.0122029 -0.0101093 -0.000404514 0.000727021 -0.0282972 -0.00553056
internal_weight=64.9944 27.433 37.5614 33.3693 29.9776 26.061 12.2457 13.8153 20.748 8.91861 6.68496 14.0056
internal_count=392 186 206 186 167 149 64 85 128 49 58 87
is_linear=0
shrinkage=0.05


Tree=20
num_leaves=14
num_cat=0
split_feature=3 3 3 2 0 2 3 3 0 3 1 0 2
split_gain=0.865083 1.48016 0.6293 0.787161 1.008 1.49648 1.15372 1.62852 0.207225 0.888979 0.169313 0.0610933 0.00577887
threshold=3.5000000000000004 8.5000000000000018 2.5000000000000004 0.45227272727272733 15.500000000000002 0.28991596638655465 1.0000000180025095e-35 1.5000000000000002 13.500000000000002 13.500000000000002 2.5000000000000004 14.500000000000002 0.162280701754386
decision_type=2 2 2 2 2 2 2 2 2 2 2 2 2
left_child=2 12 3 4 5 6 10 -8 -3 -10 -1 -11 -2
right_child=1 8 -4 -5 -6 -7 7 -9 9 11 -12 -13 -14
leaf_value=0.021670075145060082 -0.031634082976276526 -0.0108587403231869 0.022377939377014877 0.022568218811277796 0.019776236956872556 -0.027675830192453312 -0.031401731759497654 0.011005159057600114 0.021419065198067896 -0.0032472824581368 0.0081069112948525656 -0.010675902515231456 -0.035280962000716856
leaf_weight=4.3449645340442746 2.0415293201804188 4.9518214166164425 4.4908197224140158 4.2320695966482154 5.0459096729755393 5.5076624751090995 4.6209437027573568 4.4384081810712814 4.017418399453164 10.155422210693358 4.8911728411912918 3.8045609444379815 2.321549616754055
leaf_count=22 21 33 20 20 26 33 31 24 23 64 30 23 22
internal_value=-0.000106236 -0.00688122 0.00481512 0.00243093 -0.000523146 -0.00482631 0.0020523 -0.0106255 -0.00180189 0.000692798 0.0144874 -0.00527183 -0.0335745
internal_weight=64.8643 27.2923 37.572 33.0811 28.8491 23.8032 18.2955 9.05935 22.9292 17.9774 9.23614 13.96 4.36308
internal_count=392 186 206 186 166 140 107 55 143 110 52 87 43
is_linear=0
shrinkage=0.05


Tree=21
num_leaves=13
num_cat=0
split_feature=3 3 0 1 2 1 3 1 1 2 3 0
split_gain=0.782872 1.4125 0.63157 1.72015 0.967522 0.929479 0.755753 0.604398 0.428764 0.240178 0.202845 0.00826006
threshold=3.5000000000000004 12.500000000000002 8.5000000000000018 1.5000000000000002 0.25833333333333336 5.5000000000000009 1.0000000180025095e-35 2.5000000000000004 1.0000000180025095e-35 0.18898809523809526 1.0000000180025095e-35 13.500000000000002
decision_type=2 2 2 2 2 2 2 2 2 2 2 2
left_child=2 9 -1 -4 6 10 -5 -8 11 -2 -6 -3
right_child=1 8 3 4 5 -7 7 -9 -10 -11 -12 -13
leaf_value=-0.014944103508483471 -0.034228204634191371 -0.0064990215623792523 0.037672918714894685 0.0058231309073500763 0.01434134075399162 -0.0033293691910765604 -0.0044472099097061018 -0.03264626086749297 0.011255892707056101 -0.014152678793159068 0.02910603351384974 -0.0039403207083525613
leaf_weight=3.7361275404691687 4.1297637522220638 4.5492178201675424 3.962697133421897 6.2812763154506701 5.0457683354616147 6.6212184131145468 4.0766094624996185 3.5591636747121811 5.8532321751117697 2.3306263014674187 4.3160872906446457 10.285616636276245
leaf_count=20 36 30 18 36 29 33 23 27 33 22 20 65
internal_value=-0.000106566 -0.00657679 0.00456528 0.00671778 0.00261526 0.0110081 -0.00702349 -0.0175913 -0.000203535 -0.0269858 0.0211483 -0.00472497
internal_weight=64.7474 27.1485 37.5989 33.8628 29.9001 15.9831 13.917 7.63577 20.6881 6.46039 9.36186 14.8348
internal_count=392 186 206 186 168 82 86 50 128 58 49 95
is_linear=0
shrinkage=0.05


Tree=22
num_leaves=12
num_cat=0
split_feature=2 1 1 2 2 3 3 0 2 3 3
split_gain=0.735049 0.544038 2.362 0.749928 1.30689 0.901398 0.797129 0.324622 1.1018 1.18933 0.226416
threshold=0.45227272727272733 5.5000000000000009 4.5000000000000009 0.12916666666666668 0.067816091954023008 4.5000000000000009 3.5000000000000004 13.500000000000002 0.2752525252525253 1.0000000180025095e-35 13.500000000000002
decision_type=2 2 2 2 2 2 2 2 2 2 2
left_child=1 2 3 4 10 7 -6 -5 9 -9 -1
right_child=-2 -3 -4 5 6 -7 -8 8 -10 -11 -12
leaf_value=-0.012518327294753684 0.019713650437365768 -0.019077330294595643 0.035131695187829604 -0.015310738284725168 0.032454519463557888 -0.032676856950582193 0.0029100180177658672 0.0098659071094860107 0.019139251624147438 -0.025927272930733394 -0.0011206887925748273
leaf_weight=6.7650322020053908 4.362478367984294 4.1199995800852767 4.3506864905357352 6.0415677875280442 4.6141861379146558 3.638921082019805 4.5190024971961975 3.9791299104690534 4.4390924274921408 5.5687918215990067 12.242737367749214
leaf_count=41 21 25 24 37 21 29 31 23 23 40 77
internal_value=-0.000105677 -0.00154003 -0.000253439 -0.00322495 0.00229183 -0.00978448 0.0178362 -0.00562525 -0.00144169 -0.0110103 -0.00517721
internal_weight=64.6416 60.2791 56.1591 51.8085 28.141 23.6675 9.13319 20.0286 13.987 9.54792 19.0078
internal_count=392 371 346 322 170 152 52 123 86 63 118
is_linear=0
shrinkage=0.05


Tree=23
num_leaves=13
num_cat=0
split_feature=2 1 1 1 2 0 1 1 1 3 3 0
split_gain=0.658917 0.496103 2.09925 0.696362 1.53171 1.08199 1.25016 0.598973 1.10627 0.730685 0.564111 0.0694562
threshold=0.45227272727272733 5.5000000000000009 4.5000000000000009 2.5000000000000004 0.18898809523809526 13.500000000000002 3.5000000000000004 1.0000000180025095e-35 1.5000000000000002 2.5000000000000004 3.5000000000000004 13.500000000000002
decision_type=2 2 2 2 2 2 2 2 2 2 2 2
left_child=1 2 3 7 -5 -6 -7 11 10 -10 -9 -1
right_child=-2 -3 -4 4 5 6 -8 8 9 -11 -12 -13
leaf_value=-0.010298772672943686 0.018581611806903507 -0.018303623125445003 0.032811956311868735 -0.045038617446611057 -0.030514658407175096 -0.018599705285443635 0.018781251149846249 0.033395307809058805 0.0052426832485075268 -0.022213513669053313 0.0081485504802354045 -0.0036989984770341546
leaf_weight=6.5221380591392526 4.3959489017724982 4.0804767236113539 4.4234077334403983 2.8594496771693221 3.0076964721083614 3.7056502997875214 5.6423420831561089 4.0495916157960892 7.0279614180326462 3.6983795985579491 4.8773642033338547 10.254087835550308
leaf_count=40 21 25 24 19 20 30 31 18 40 27 32 65
internal_value=-0.000105493 -0.00147124 -0.000246224 -0.00307768 -0.0120616 -0.00442975 0.00396302 0.000674516 0.00659799 -0.00422405 0.0196014 -0.00626481
internal_weight=64.5445 60.1485 56.0681 51.6447 15.2151 12.3557 9.34799 36.4295 19.6533 10.7263 8.92696 16.7762
internal_count=392 371 346 322 100 81 61 222 117 67 50 105
is_linear=0
shrinkage=0.05


Tree=24
num_leaves=14
num_cat=0
split_feature=2 0 3 1 3 0 1 2 3 3 0 0 2
split_gain=0.591057 0.530474 0.543248 1.38776 1.22061 0.987498 0.305026 1.19381 0.830176 0.192833 0.816763 0.0585491 0.00453134
threshold=0.45227272727272733 12.500000000000002 3.5000000000000004 1.5000000000000002 8.5000000000000018 15.500000000000002 3.5000000000000004 0.28991596638655465 1.0000000180025095e-35 13.500000000000002 13.500000000000002 14.500000000000002 0.162280701754386
decision_type=2 2 2 2 2 2 2 2 2 2 2 2 2
left_child=1 -1 3 -3 12 6 8 -8 -5 10 -6 -11 -4
right_child=-2 2 4 5 9 -7 7 -9 -10 11 -12 -13 -14
leaf_value=-0.02087113072723187 0.01752516035662105 0.031415454415934206 -0.029180400525907202 0.0031913360598251868 -0.0090552308437295212 0.017533312068612458 0.020530319640748137 -0.015386212409635789 -0.024973333240442708 -0.0026684519791529901 0.021500635103199828 -0.0099729815327857883 -0.032553288443731107
leaf_weight=3.3073446303606024 4.4270709082484236 4.0885219424963024 1.8942488804459601 5.110416725277906 4.8227641731500626 6.1728219389915457 4.3013706654310209 5.0064274966716766 5.3611094579100609 10.081760406494139 4.0016138255596161 3.7688454091548929 2.0994070991873741
leaf_count=19 21 18 21 30 33 31 21 29 38 64 23 23 21
internal_value=-0.000105645 -0.00140616 -0.000270947 0.00433997 -0.00546488 7.44777e-05 -0.00537416 0.00121173 -0.0112281 -0.000975671 0.00480102 -0.00465606 -0.0309535
internal_weight=64.4437 60.0167 56.7093 30.0407 26.6686 25.9521 19.7793 9.3078 10.4715 22.675 8.82438 13.8506 3.99366
internal_count=392 371 352 167 185 149 118 50 68 143 56 87 42
is_linear=0
shrinkage=0.05


Tree=25
num_leaves=13
num_cat=0
split_feature=2 1 1 1 2 3 0 2 1 3 1 3
split_gain=0.530441 0.451181 1.86715 0.658415 1.44849 0.970848 0.554661 0.689708 1.14104 0.163413 0.143643 0.0371943
threshold=0.45227272727272733 5.5000000000000009 4.5000000000000009 2.5000000000000004 0.18898809523809526 1.5000000000000002 15.500000000000002 0.067816091954023008 1.5000000000000002 1.0000000180025095e-35 3.5000000000000004 13.500000000000002
decision_type=2 2 2 2 2 2 2 2 2 2 2 2
left_child=1 2 3 6 -5 10 7 11 -9 -10 -6 -1
right_child=-2 -3 -4 4 5 -7 -8 8 9 -11 -12 -13
leaf_value=-0.011042659884626896 0.016537852145495382 -0.01751421818643243 0.030773050126262299 -0.044184585960688895 -0.020242846905455917 0.018439707082958782 0.019471220947918283 0.021650360747444111 0.0023110629134943843 -0.011709947219810071 -0.0074080426297757785 -0.0062805917295857289
leaf_weight=6.6376850157976159 4.4560294300317755 4.0236904621124259 4.481469862163066 2.7902504950761786 3.8521627783775312 3.4009339213371268 3.5737483054399481 6.8411261364817593 3.6038821637630463 4.9084863811731339 5.0217883437871933 10.726816892623901
leaf_count=41 21 25 24 19 31 23 22 37 20 34 27 68
internal_value=-0.000104854 -0.00134371 -0.000178468 -0.00287934 -0.0116663 -0.00427443 0.000768228 -0.00127468 0.00644567 -0.00577387 -0.0129796 -0.00810092
internal_weight=64.3181 59.862 55.8384 51.3569 15.0651 12.2749 36.2917 32.718 15.3535 8.51237 8.87395 17.3645
internal_count=392 371 346 322 100 81 222 200 91 54 58 109
is_linear=0
shrinkage=0.05


Tree=26
num_leaves=12
num_cat=0
split_feature=3 3 3 1 2 3 2 3 2 2 0
split_gain=0.494656 1.25832 0.601546 0.901246 2.17979 2.1138 0.768637 0.403511 0.292268 0.236562 0.0593162
threshold=3.5000000000000004 12.500000000000002 1.5000000000000002 4.5000000000000009 0.37301587301587308 1.0000000180025095e-35 0.23538461538461541 13.500000000000002 0.14642857142857144 0.18898809523809526 14.500000000000002
decision_type=2 2 2 2 2 2 2 2 2 2 2
left_child=2 9 3 5 -5 6 -1 -3 -4 -2 -9
right_child=1 7 8 4 -6 -7 -8 10 -10 -11 -12
leaf_value=0.015920885579298969 -0.032537199440231861 0.010739474997423963 0.022101518345880925 0.03957612096571908 -0.0097783402521093351 -0.03109195858239679 -0.0092934478423007689 -0.002234374028079572 0.0052339454828374231 -0.012177632340891609 -0.0096058888100427325
leaf_weight=7.0728083252906853 3.9195054993033436 6.6727503836154947 5.2798058092594129 4.0996162593364698 4.9245456010103226 5.9691080525517455 5.2780091315507889 10.02691078186035 5.0002773627638817 2.2433663010597229 3.7494423687458047
leaf_count=39 36 41 26 21 25 40 30 64 25 22 23
internal_value=-0.00010412 -0.00532119 0.00358597 -0.000290511 0.0126431 -0.00666142 0.00514577 0.000647522 0.0138971 -0.025126 -0.00424064
internal_weight=64.2361 26.612 37.6242 27.3441 9.02416 18.3199 12.3508 20.4491 10.2801 6.16287 13.7764
internal_count=392 186 206 155 46 109 69 128 51 58 87
is_linear=0
shrinkage=0.05


Tree=27
num_leaves=12
num_cat=0
split_feature=2 1 1 0 2 2 0 2 3 3 1
split_gain=0.511082 0.575444 1.47602 0.585556 0.550398 2.58298 0.293404 0.636674 0.489141 0.109434 0.000296642
threshold=0.43303571428571436 5.5000000000000009 4.5000000000000009 17.500000000000004 0.12916666666666668 0.067816091954023008 13.500000000000002 0.2752525252525253 1.0000000180025095e-35 13.500000000000002 2.5000000000000004
decision_type=2 2 2 2 2 2 2 2 2 2 2
left_child=1 2 3 4 5 9 -6 8 -8 -1 -10
right_child=-2 -3 -4 -5 6 -7 7 -9 10 -11 -12
leaf_value=-0.011184105684866153 0.015086484952747165 -0.021529113104765976 0.026910086937330831 -0.018068833024958146 -0.015876215709045776 0.029290728031840071 0.0042976335263291768 0.011947540861384111 -0.01930509801863484 -0.0030581607053293946 -0.018595639077060019
leaf_weight=6.6465616375207945 5.0973426774144164 3.3538698703050605 4.6044656261801711 5.4934211745858184 6.2422340810298946 7.272638425230979 3.5889743715524656 4.8123777806758872 3.4974939152598381 11.001134097576141 2.5459109395742416
leaf_count=41 24 22 24 36 41 39 21 26 25 70 23
internal_value=-0.00010383 -0.00141489 -0.000203868 -0.00264699 -0.000789421 0.0042151 -0.00681806 -0.00290362 -0.0103233 -0.00611859 -0.0190062
internal_weight=64.1564 59.0591 55.7052 51.1007 45.6073 24.9203 20.687 14.4448 9.63238 17.6477 6.0434
internal_count=392 368 346 322 286 150 136 95 69 111 48
is_linear=0
shrinkage=0.05


Tree=28
num_leaves=13
num_cat=0
split_feature=2 1 1 1 1 3 0 2 1 3 3 3
split_gain=0.459138 0.525943 1.3184 0.54989 0.767864 0.558 0.548976 0.598216 0.876963 0.121878 0.0403063 0.000209564
threshold=0.43303571428571436 5.5000000000000009 4.5000000000000009 2.5000000000000004 3.5000000000000004 1.0000000180025095e-35 15.500000000000002 0.067816091954023008 1.5000000000000002 1.0000000180025095e-35 13.500000000000002 1.0000000180025095e-35
decision_type=2 2 2 2 2 2 2 2 2 2 2 2
left_child=1 2 3 6 5 -5 7 10 -9 -10 -1 -6
right_child=-2 -3 -4 4 11 -7 -8 8 9 -11 -12 -13
leaf_value=-0.010695194889983127 0.014251221732999728 -0.020697948600876318 0.02526700790386845 -0.0051900265391835558 -0.00041133890806334351 -0.034506673591102453 0.019413441441752582 0.019109599729586466 0.0020205518292790567 -0.010147695209558593 -0.0057231614623102301 0.00010101874687092519
leaf_weight=6.60398854315281 5.1255447939038268 3.3151306062936774 4.6572842448949805 2.6735156327486012 3.7975058406591415 4.1311177760362625 3.5699023380875579 6.9321755617856953 3.6085224896669388 4.7886258065700531 10.648622393608093 4.2064772546291351
leaf_count=41 24 22 24 18 21 36 22 37 20 34 68 25
internal_value=-0.000102426 -0.0013508 -0.0001976 -0.00252482 -0.01064 -0.0229883 0.000799355 -0.00124013 0.00594735 -0.00491861 -0.00762637 -0.00014207
internal_weight=64.0584 58.9329 55.6177 50.9605 14.8086 6.80463 36.1518 32.5819 15.3293 8.39715 17.2526 8.00398
internal_count=392 368 346 322 100 54 222 200 91 54 109 46
is_linear=0
shrinkage=0.05


Tree=29
num_leaves=12
num_cat=0
split_feature=0 0 2 2 2 3 3 2 1 1 3
split_gain=0.428283 2.28219 1.93885 0.72082 0.883453 0.698751 1.37697 0.914239 1.33047 0.0957767 0.0368836
threshold=18.500000000000004 15.500000000000002 0.17752100840336138 0.45227272727272733 0.28991596638655465 1.0000000180025095e-35 1.5000000000000002 0.067816091954023008 1.5000000000000002 2.5000000000000004 13.500000000000002
decision_type=2 2 2 2 2 2 2 2 2 2 2
left_child=1 3 -2 4 5 9 -7 10 -9 -1 -8
right_child=2 -3 -4 -5 -6 6 7 8 -10 -11 -12
leaf_value=0.016560768308349624 -0.036670468242755667 0.034657072375218805 0.012191744046485058 0.019538085402327241 -0.021597832249361917 -0.030376919665729737 -0.010225107640136141 0.033022772411055321 -0.0030918328386906843 0.0064617022171648102 -0.0054565836555757275
leaf_weight=4.4562362432479841 3.8357652574777585 4.738374061882495 4.3129780441522598 3.7324625849723807 5.781316138803958 4.3580309450626364 6.5632859468460127 4.256392225623129 6.3620679751038551 4.9615679532289505 10.611387729644775
leaf_count=22 26 26 26 17 35 31 41 25 45 30 68
internal_value=-0.000100776 0.00146235 -0.0108086 -0.00161675 -0.00328432 -0.000737317 -0.00424583 -0.000148411 0.0113846 0.0112403 -0.00727887
internal_weight=63.9699 55.8211 8.14874 51.0827 47.3503 41.569 32.1512 27.7931 10.6185 9.4178 17.1747
internal_count=392 340 52 314 297 262 210 179 70 52 109
is_linear=0
shrinkage=0.05


Tree=30
num_leaves=12
num_cat=0
split_feature=0 0 2 2 2 3 3 2 1 1 3
split_gain=0.389483 2.02819 1.78928 0.647515 0.808848 0.629366 1.26835 0.823969 1.17957 0.0854586 0.033734
threshold=18.500000000000004 15.500000000000002 0.17752100840336138 0.45227272727272733 0.28991596638655465 1.0000000180025095e-35 1.5000000000000002 0.067816091954023008 1.5000000000000002 2.5000000000000004 13.500000000000002
decision_type=2 2 2 2 2 2 2 2 2 2 2
left_child=1 3 -2 4 5 9 -7 10 -9 -1 -8
right_child=2 -3 -4 -5 -6 6 7 8 -10 -11 -12
leaf_value=0.015631259738228993 -0.035641134366500557 0.032423328355183433 0.011514291806722301 0.018433828103294397 -0.020771965605828835 -0.029375228327519726 -0.0097732929712024026 0.030936295265995336 -0.0029423904237220401 0.0061157088073924455 -0.0052016031129135352
leaf_weight=4.4844164550304395 3.7513887882232648 4.8096654266118994 4.3377426862716675 3.7575814127922049 5.7124062776565543 4.2832411825656882 6.5243851840496108 4.3147284761071187 6.3512171283364296 4.9796742647886276 10.575907766819
leaf_count=22 26 26 26 17 35 31 41 25 45 30 68
internal_value=-0.00010106 0.0013855 -0.0103544 -0.00154253 -0.00313197 -0.000704645 -0.0040501 -0.000143428 0.0107627 0.0106245 -0.00694587
internal_weight=63.8824 55.7932 8.08913 50.9836 47.226 41.5136 32.0495 27.7662 10.6659 9.46409 17.1003
internal_count=392 340 52 314 297 262 210 179 70 52 109
is_linear=0
shrinkage=0.05


Tree=31
num_leaves=13
num_cat=0
split_feature=0 0 2 1 2 3 3 0 3 3 3 0
split_gain=0.354179 1.805 1.65103 0.619002 0.847939 0.306694 1.58769 0.960006 0.832803 0.86032 0.22334 0.181429
threshold=18.500000000000004 15.500000000000002 0.17752100840336138 5.5000000000000009 0.34523809523809529 1.0000000180025095e-35 1.5000000000000002 13.500000000000002 4.5000000000000009 12.500000000000002 13.500000000000002 13.500000000000002
decision_type=2 2 2 2 2 2 2 2 2 2 2 2
left_child=1 3 -2 4 5 7 -7 -1 11 -10 -11 -8
right_child=2 -3 -4 -5 -6 6 8 -9 9 10 -12 -13
leaf_value=-0.014546707936783941 -0.034632074927510637 0.030375561622740344 0.010878550777762525 -0.020394307505509943 0.025002246098367847 -0.031407808706242837 0.0052484426809139388 0.016554781744970305 -0.028611390771823588 0.0073781741105635873 -0.0049577846219216364 0.019694877624266811
leaf_weight=3.8309415355324727 3.6697586774826032 4.8754537031054488 4.3610604107379913 3.9834516346454611 3.1947194635868064 4.5779680758714667 3.9824857860803622 7.0418673902750015 3.3190053477883366 5.6278308779001245 10.542105615139008 4.7841250598430634
leaf_count=23 26 26 26 21 17 33 21 38 29 36 68 28
internal_value=-0.000100851 0.00131306 -0.00991796 -0.00147154 0.000135628 -0.001682 -0.00409225 0.00559644 0.000333417 -0.00542378 -0.000664342 0.0131322
internal_weight=63.7908 55.76 8.03082 50.8845 46.901 43.7063 32.8335 10.8728 28.2556 19.4889 16.1699 8.76661
internal_count=392 340 52 314 293 276 215 61 182 133 104 49
is_linear=0
shrinkage=0.05


Tree=32
num_leaves=12
num_cat=0
split_feature=0 0 0 2 2 3 3 2 1 1 3
split_gain=0.321974 1.61306 1.60852 0.600792 0.749269 0.522045 1.06318 0.733446 1.07529 0.0861203 0.0388238
threshold=18.500000000000004 21.500000000000004 15.500000000000002 0.45227272727272733 0.28991596638655465 1.0000000180025095e-35 1.5000000000000002 0.067816091954023008 1.5000000000000002 2.5000000000000004 13.500000000000002
decision_type=2 2 2 2 2 2 2 2 2 2 2
left_child=2 -2 3 4 5 9 -7 10 -9 -1 -8
right_child=1 -3 -4 -5 -6 6 7 8 -10 -11 -12
leaf_value=0.014662179154513795 -0.035687038034752698 0.0098126214032782256 0.028492184705495773 0.017794875588248452 -0.020036386563823439 -0.027340513396643132 -0.0096376098196214108 0.029257336070934666 -0.0030265396868859331 0.0051467450080080104 -0.0047247062109670775
leaf_weight=4.5109337121248227 3.3843340873718253 4.5895625948905945 4.9362187981605521 3.7720840424299231 5.6426963731646529 4.1341765746474293 6.5133696049451872 4.3480895236134511 6.3402387201786041 5.0286417752504349 10.509905397891998
leaf_count=22 22 30 26 17 35 31 41 25 45 30 68
internal_value=-0.000101197 -0.00949865 0.00124324 -0.00140452 -0.00294449 -0.000614088 -0.00368763 -0.000158959 0.0101068 0.00964626 -0.00660446
internal_weight=63.7103 7.9739 55.7364 50.8001 47.0281 41.3854 31.8458 27.7116 10.6883 9.53958 17.0233
internal_count=392 52 340 314 297 262 210 179 70 52 109
is_linear=0
shrinkage=0.05


Tree=33
num_leaves=13
num_cat=0
split_feature=1 1 1 1 3 0 2 3 0 0 3 3
split_gain=0.323011 1.60038 0.518194 0.71963 0.467811 0.437836 0.539225 0.639125 0.370626 0.141388 0.0354734 0.00855875
threshold=5.5000000000000009 4.5000000000000009 2.5000000000000004 3.5000000000000004 1.0000000180025095e-35 15.500000000000002 0.067816091954023008 2.5000000000000004 13.500000000000002 14.500000000000002 13.500000000000002 1.0000000180025095e-35
decision_type=2 2 2 2 2 2 2 2 2 2 2 2
left_child=1 2 5 4 -4 6 10 8 -8 -2 -1 -5
right_child=9 -3 3 11 -6 -7 7 -9 -10 -11 -12 -13
leaf_value=-0.0092089083831130396 -0.016886340706710419 0.028405205661221497 -0.0055813143391982133 -0.00096542293766121643 -0.03267125416799041 0.018353287153246325 0.024167950988248102 -0.0070743778702603488 0.0053456763862197876 -0.0030349921457221984 -0.004501948855423904 0.0023262272729156082
leaf_weight=6.4767149090766916 3.6754843294620505 4.928292140364646 2.6917714625596982 3.8053102195262909 3.9064580574631691 3.5762375295162192 4.7018466740846652 5.6922529041767111 5.893671527504921 3.693916343152523 10.479237198829651 4.1052626147866249
leaf_count=41 19 25 18 21 36 22 25 39 31 22 68 25
internal_value=-0.000100242 0.00118916 -0.00142397 -0.00942714 -0.0216198 0.00172965 -5.86562e-05 0.0064386 0.0136982 -0.00994334 -0.00629988 0.000742808
internal_weight=63.6265 56.2571 51.3288 14.5088 6.59823 36.82 33.2437 16.2878 10.5955 7.3694 16.956 7.91057
internal_count=392 351 326 100 54 226 204 95 56 41 109 46
is_linear=0
shrinkage=0.05


Tree=34
num_leaves=12
num_cat=0
split_feature=0 2 0 2 2 3 3 2 1 1 3
split_gain=0.30544 1.51922 1.39611 0.550166 0.728086 0.434377 0.982817 0.647806 0.95988 0.0615642 0.0323965
threshold=18.500000000000004 0.17752100840336138 15.500000000000002 0.45227272727272733 0.28991596638655465 1.0000000180025095e-35 1.5000000000000002 0.067816091954023008 1.5000000000000002 2.5000000000000004 13.500000000000002
decision_type=2 2 2 2 2 2 2 2 2 2 2
left_child=2 -2 3 4 5 9 -7 10 -9 -1 -8
right_child=1 -3 -4 -5 -6 6 7 8 -10 -11 -12
leaf_value=0.013068724166107505 -0.033457619475252762 0.010490400191400531 0.026446232398345329 0.017052840610923485 -0.019664617374427543 -0.026297877311951642 -0.008797257259762303 0.02767421708541324 -0.0027702175662150542 0.00504817833818342 -0.0042891225937883547
leaf_weight=4.5605218410491926 3.5726300254464141 4.373984694480896 4.9894609600305548 3.7881954461336127 5.6055545359849921 4.046101517975333 6.4417078495025679 4.3887722343206388 6.3136319071054459 5.0329279005527496 10.450031220912933
leaf_count=22 26 26 26 17 35 31 41 25 45 30 68
internal_value=-9.82903e-05 -0.0092677 0.00121185 -0.00127506 -0.00275736 -0.000458889 -0.00328471 8.96884e-05 0.00971424 0.00886098 -0.00600831
internal_weight=63.5635 7.94661 55.6169 50.6274 46.8392 41.2337 31.6402 27.5941 10.7024 9.59345 16.8917
internal_count=392 52 340 314 297 262 210 179 70 52 109
is_linear=0
shrinkage=0.05


Tree=35
num_leaves=14
num_cat=0
split_feature=1 1 1 1 3 0 3 1 0 3 0 3 0
split_gain=0.322209 1.4291 0.450243 0.670608 0.429804 0.40208 0.448745 0.485409 0.186048 0.692132 0.125203 0.0112205 0.00255582
threshold=5.5000000000000009 4.5000000000000009 2.5000000000000004 3.5000000000000004 1.0000000180025095e-35 15.500000000000002 4.5000000000000009 1.0000000180025095e-35 12.500000000000002 1.5000000000000002 14.500000000000002 1.0000000180025095e-35 13.500000000000002
decision_type=2 2 2 2 2 2 2 2 2 2 2 2 2
left_child=1 2 5 4 -4 6 8 12 -1 -10 -2 -5 -8
right_child=10 -3 3 11 -6 -7 7 -9 9 -11 -12 -13 -14
leaf_value=-0.0030277326203420793 -0.016505926017562889 0.026793713987385778 -0.0054365861997666826 -0.00096830762428895588 -0.031583787987099404 0.017523893552124352 -0.0017247708223841888 -0.019647045411930918 -0.0010134834110087623 0.024546445817199905 -0.0034601901510088622 0.0028061535853460278 -0.00025789728730824977
leaf_weight=3.8334198519587508 3.6518775522708884 4.9684818834066382 2.6871870011091215 3.8015805333852768 3.7860006019473076 3.5935248807072631 4.2640046775341043 4.4538031369447699 6.2687836736440641 4.5862455070018768 3.7050939276814461 4.0845115780830383 9.7814931869506836
leaf_count=21 19 25 18 21 36 22 30 31 32 26 22 25 64
internal_value=-9.7233e-05 0.0011928 -0.00129442 -0.008803 -0.0207294 0.00163691 -8.33131e-05 -0.00526404 0.00644153 0.00978558 -0.00993588 0.000986632 -0.000703218
internal_weight=63.466 56.109 51.1406 14.3593 6.47319 36.7813 33.1878 18.4993 14.6884 10.855 7.35697 7.88609 14.0455
internal_count=392 351 326 100 54 226 204 125 79 58 41 46 94
is_linear=0
shrinkage=0.05


Tree=36
num_leaves=15
num_cat=0
split_feature=0 3 3 3 2 1 1 3 1 2 3 2 0 2
split_gain=0.294197 0.385468 1.29593 0.920828 0.883691 0.580181 2.82425 1.36871 0.333799 0.308823 0.13321 1.18828 0.551986 0.00720664
threshold=8.5000000000000018 3.5000000000000004 8.5000000000000018 1.5000000000000002 0.19615384615384621 5.5000000000000009 4.5000000000000009 1.0000000180025095e-35 2.5000000000000004 0.15504807692307696 13.500000000000002 0.048054919908466824 13.500000000000002 0.17752100840336138
decision_type=2 2 2 2 2 2 2 2 2 2 2 2 2 2
left_child=-1 3 4 5 -3 6 7 8 -2 -5 12 -12 -4 -9
right_child=1 2 10 9 -6 -7 -8 13 -10 -11 11 -13 -14 -15
leaf_value=-0.013846982764426625 0.015212024858123431 -0.0083950052906755397 -0.0060758971025428868 0.028020377174318219 -0.056022643764508107 -0.015167984426887424 0.041702806302570533 -0.028132500713792027 -0.0026826028919524907 0.0087494484244940995 0.0057852313824044536 -0.029834707508398225 0.019249471297475486 -0.024482527266118135
leaf_weight=3.664509378373622 4.3601691275835126 2.1156172528862984 4.6208081692457199 4.3008667081594449 1.8047123253345487 5.302107334136962 3.8879166394472113 2.6561647951602927 6.4776721000671387 4.0241473168134689 10.388863384723662 3.0226057171821603 4.0263593643903732 2.7550995573401451
leaf_count=20 20 24 33 21 19 27 19 16 39 20 68 19 23 24
internal_value=-9.53397e-05 0.000748155 -0.00383049 0.00427108 -0.0303203 -0.000452516 0.00342209 -0.00573732 0.00451658 0.0187052 0.00087735 -0.0022426 0.00571629 -0.0262741
internal_weight=63.4076 59.7431 25.979 33.7641 3.92033 25.4391 20.137 16.2491 10.8378 8.32501 22.0586 13.4115 8.64717 5.41126
internal_count=392 372 186 186 43 145 118 99 59 41 143 87 56 40
is_linear=0
shrinkage=0.05


Tree=37
num_leaves=14
num_cat=0
split_feature=2 0 1 1 1 0 3 0 2 3 2 2 0
split_gain=0.306783 0.377124 0.370076 0.613565 0.469625 0.867929 0.789982 0.332581 0.300253 0.264563 0.436576 0.333629 0.0560721
threshold=0.45227272727272733 12.500000000000002 5.5000000000000009 4.5000000000000009 1.5000000000000002 17.500000000000004 3.5000000000000004 13.500000000000002 0.048054919908466824 1.5000000000000002 0.2752525252525253 0.19615384615384621 13.500000000000002
decision_type=2 2 2 2 2 2 2 2 2 2 2 2 2
left_child=1 -1 3 4 6 7 -3 -6 12 10 11 -9 -8
right_child=-2 2 -4 -5 5 -7 8 9 -10 -11 -12 -13 -14
leaf_value=-0.017817401332112012 0.012373828000101103 0.024104926435979949 -0.015120730026476513 0.01794092662228439 -0.012749611379470184 -0.026682278109153992 -0.0013426113997608952 0.00037493268974228013 -0.011138448722713953 0.010795218218809875 0.012065982201281227 -0.023750001575811513 0.0054756878779813299
leaf_weight=3.1787466481328002 4.5755166858434668 4.1307160556316402 3.8231890276074401 4.8442302569746962 4.7997292950749459 4.0883442834019652 4.2421750724315652 2.9947212338447553 4.5988188832998267 5.7304828688502303 3.119737446308136 2.7482030168175697 10.426353350281715
leaf_count=19 21 18 25 24 32 29 30 18 29 40 16 23 68
internal_value=-9.63735e-05 -0.00106797 -0.000109461 0.00100011 -0.000750454 -0.00574602 0.00426286 -0.0013323 8.9351e-06 0.00242288 -0.00299056 -0.0111697 0.00350382
internal_weight=63.301 58.7254 55.5467 51.7235 46.8793 23.4812 23.3981 19.3929 19.2673 14.5931 8.86266 5.74292 14.6685
internal_count=392 371 352 327 303 158 145 129 127 97 57 41 98
is_linear=0
shrinkage=0.05


Tree=38
num_leaves=13
num_cat=0
split_feature=2 0 1 1 1 0 3 0 2 3 2 0
split_gain=0.275932 0.343962 0.336499 0.550092 0.425033 0.79962 0.708844 0.302121 0.272146 0.237598 0.395064 0.0503581
threshold=0.45227272727272733 12.500000000000002 5.5000000000000009 4.5000000000000009 1.5000000000000002 17.500000000000004 3.5000000000000004 13.500000000000002 0.048054919908466824 1.5000000000000002 0.2752525252525253 13.500000000000002
decision_type=2 2 2 2 2 2 2 2 2 2 2 2
left_child=1 -1 3 4 6 7 -3 -6 11 10 -9 -8
right_child=-2 2 -4 -5 5 -7 8 9 -10 -11 -12 -13
leaf_value=-0.017097063890802039 0.011705484734991939 0.022787614500386758 -0.014480336730773488 0.016931131652473942 -0.012201173117881117 -0.025765871603595766 -0.001276640027957109 -0.010696022711675983 -0.010647684729826195 0.010196903784573589 0.011396615594104514 0.0051837815133069136
leaf_weight=3.1478455960750571 4.5944238454103461 4.1505027115345028 3.7934331670403472 4.8756546825170508 4.7655933350324693 4.0237387344241133 4.2384222149848947 5.6998410820960981 4.5709727033972731 5.7625398561358443 3.1373564451932907 10.461862802505493
leaf_count=19 21 18 25 24 32 29 30 41 29 40 16 68
internal_value=-9.42585e-05 -0.00101896 -0.00010671 0.000948215 -0.00071651 -0.00548424 0.00404457 -0.00127011 7.82488e-06 0.00229796 -0.00285276 0.0033211
internal_weight=63.2222 58.6278 55.4799 51.6865 46.8108 23.3891 23.4218 19.3653 19.2713 14.5997 8.8372 14.7003
internal_count=392 371 352 327 303 158 145 129 127 97 57 98
is_linear=0
shrinkage=0.05


Tree=39
num_leaves=12
num_cat=0
split_feature=2 2 2 0 0 2 2 3 2 3 3
split_gain=0.248237 0.328898 0.41162 1.76588 1.57895 0.417926 1.18806 0.308494 0.175798 0.17029 0.045004
threshold=0.45227272727272733 0.31009615384615391 0.17752100840336138 16.500000000000004 17.500000000000004 0.067816091954023008 0.12916666666666668 1.5000000000000002 0.23538461538461541 1.5000000000000002 13.500000000000002
decision_type=2 2 2 2 2 2 2 2 2 2 2
left_child=1 2 4 7 5 10 -7 8 -4 -8 -1
right_child=-2 -3 3 -5 -6 6 9 -9 -10 -11 -12
leaf_value=-0.0073341462402929511 0.011076475421270092 -0.011882544285229512 0.00069979033340751605 0.038096466425452266 -0.029948380702849737 0.021481053288450909 0.0013685007295528833 0.011768934390943784 -0.013391455490585812 -0.013631873883087146 -0.0020295371887901212
leaf_weight=6.3297772407531747 4.6120975390076628 6.1779886558651915 4.1818489059805852 3.5535850301384917 4.6033610329031935 7.532875217497347 3.5857009291648865 3.0073297023773184 4.7021246403455734 4.0056124106049538 10.855687618255615
leaf_count=41 21 37 36 20 33 39 20 21 26 28 70
internal_value=-9.17817e-05 -0.000971739 0.000315685 0.00716938 -0.00255199 0.00135135 0.0074131 -0.00207284 -0.00675845 -0.00654656 -0.00398334
internal_weight=63.148 58.5359 52.3579 15.4449 36.913 32.3097 15.1242 11.8913 8.88397 7.59131 17.1855
internal_count=392 371 334 103 231 198 87 83 62 48 111
is_linear=0
shrinkage=0.05


Tree=40
num_leaves=14
num_cat=0
split_feature=1 1 1 1 0 3 3 1 2 0 0 3 0
split_gain=0.255979 0.889853 0.317121 0.548345 0.524325 0.409736 0.375153 0.431659 0.145334 0.153285 0.141796 0.0112509 1.3842e-05
threshold=5.5000000000000009 4.5000000000000009 2.5000000000000004 3.5000000000000004 15.500000000000002 1.0000000180025095e-35 4.5000000000000009 1.0000000180025095e-35 0.07417582417582419 13.500000000000002 14.500000000000002 1.0000000180025095e-35 13.500000000000002
decision_type=2 2 2 2 2 2 2 2 2 2 2 2 2
left_child=1 2 4 5 6 -4 8 12 -1 -10 -2 -5 -8
right_child=10 -3 3 11 -6 -7 7 -9 9 -11 -12 -13 -14
leaf_value=-0.0012147198165517689 -0.015946093849975494 0.020864989357755839 -0.0034300539582826795 -0.00050612026174675544 0.019875589435352989 -0.029468821683743159 -0.00085215646806767378 -0.01888192402450814 0.015034216919156849 0.0022824734140185505 -0.0019580391281461512 0.0032912197160947462 -0.00096040621581819927
leaf_weight=5.1928574070334426 3.6125543117523184 5.147339053452014 2.6159467548131925 3.7784575670957565 3.5068527758121482 3.5760731026530266 4.2143788933753976 4.3919308930635443 5.1415387764573079 4.3510183766484261 3.6343837529420853 4.0322100520133972 9.8679027557373047
leaf_count=25 19 25 18 21 22 36 30 31 28 26 22 25 64
internal_value=-9.02869e-05 0.00105755 -0.000954635 -0.00735551 0.00148982 -0.0184682 -0.000454601 -0.00519625 0.00551038 0.00918931 -0.008931 0.00145423 -0.000928011
internal_weight=63.0634 55.8165 50.6692 14.0027 36.6665 6.19202 33.1596 18.4742 14.6854 9.49256 7.24694 7.81067 14.0823
internal_count=392 351 326 100 226 54 204 125 79 54 41 46 94
is_linear=0
shrinkage=0.05


Tree=41
num_leaves=12
num_cat=0
split_feature=0 0 0 0 1 3 3 3 3 1 3
split_gain=0.235745 0.281071 1.32639 1.19566 0.524056 0.419739 0.789347 0.377632 0.615608 0.32047 0.25072
threshold=8.5000000000000018 18.500000000000004 21.500000000000004 15.500000000000002 5.5000000000000009 4.5000000000000009 12.500000000000002 1.5000000000000002 1.0000000180025095e-35 2.5000000000000004 13.500000000000002
decision_type=2 2 2 2 2 2 2 2 2 2 2
left_child=-1 3 -3 4 5 7 -7 8 9 -2 -8
right_child=1 2 -4 -5 -6 6 10 -9 -10 -11 -12
leaf_value=-0.012517790723442166 0.018805330166719782 -0.033075799972878552 0.0089864765218039648 0.025362344964613506 -0.018163253457510187 -0.027117660159856862 0.0087515645446305246 0.015178251152748182 -0.013508944126754623 0.001497692331548728 -0.0044129343885628844
leaf_weight=3.5969471335411063 4.1477999836206489 3.1706404797732821 4.5838479772210121 4.9504974260926238 3.8447522372007361 3.1861348301172265 5.5261777639389029 7.1311104297637931 4.8748756200075141 7.5300160646438599 10.467514634132385
leaf_count=20 19 22 30 26 21 29 36 40 36 45 68
internal_value=-8.80834e-05 0.000664424 -0.00821187 0.00199684 -0.000479608 0.00110657 -0.00439161 0.00555915 0.00141512 0.00764513 0.000135694
internal_weight=63.0103 59.4134 7.75449 51.6589 46.7084 42.8636 19.1798 23.6838 16.5527 11.6778 15.9937
internal_count=392 372 52 320 294 273 133 140 100 64 104
is_linear=0
shrinkage=0.05


Tree=42
num_leaves=12
num_cat=0
split_feature=2 2 2 0 0 2 2 3 2 3 3
split_gain=0.265183 0.309325 0.379379 1.5005 1.48086 0.352808 1.12111 0.273002 0.172504 0.141984 0.0452867
threshold=0.45227272727272733 0.31009615384615391 0.17752100840336138 16.500000000000004 17.500000000000004 0.067816091954023008 0.12916666666666668 1.5000000000000002 0.23538461538461541 1.5000000000000002 13.500000000000002
decision_type=2 2 2 2 2 2 2 2 2 2 2
left_child=1 2 4 7 5 10 -7 8 -4 -8 -1
right_child=-2 -3 3 -5 -6 6 9 -9 -10 -11 -12
leaf_value=-0.0070332635926021458 0.011470612277080128 -0.011618372299279076 0.0012028488289697837 0.035055906639030486 -0.029289444194615794 0.020461119512479701 0.00041250210196511146 0.011232769030028789 -0.012809912458185782 -0.013286976331822893 -0.0017025986479835477
leaf_weight=6.3102643638849267 4.6003935635089865 6.1353332996368399 4.1464570090174657 3.6076358109712592 4.5271864943206301 7.5428633466362935 3.6104191690683365 3.0044364035129538 4.6698188781738281 3.9722220748662949 10.809016495943069
leaf_count=41 21 37 36 20 33 39 20 21 26 28 70
internal_value=-8.68598e-05 -0.000998291 0.000249934 0.00683059 -0.0025111 0.0012486 0.00681273 -0.00178367 -0.00621945 -0.00676407 -0.00366751
internal_weight=62.936 58.3357 52.2003 15.4283 36.772 32.2448 15.1255 11.8207 8.81628 7.58264 17.1193
internal_count=392 371 334 103 231 198 87 83 62 48 111
is_linear=0
shrinkage=0.05


Tree=43
num_leaves=12
num_cat=0
split_feature=2 2 2 0 0 2 2 3 2 3 3
split_gain=0.238619 0.280776 0.341991 1.36302 1.33405 0.318154 1.00523 0.246048 0.157178 0.129669 0.0411899
threshold=0.45227272727272733 0.31009615384615391 0.17752100840336138 17.500000000000004 16.500000000000004 0.067816091954023008 0.12916666666666668 1.5000000000000002 0.23538461538461541 1.5000000000000002 13.500000000000002
decision_type=2 2 2 2 2 2 2 2 2 2 2
left_child=1 2 3 5 7 10 -7 8 -4 -8 -1
right_child=-2 -3 4 -5 -6 6 9 -9 -10 -11 -12
leaf_value=-0.0067108749531321265 0.01085529283624378 -0.011102237282890635 0.0011417226810978638 -0.028347281079390774 0.032876309265780675 0.019311691162041258 0.00039180014919683515 0.01061553490143043 -0.012251881981883345 -0.012723730168285969 -0.001619214267557733
leaf_weight=6.283444046974183 4.6176462396979323 6.1004453748464575 4.1499317362904531 4.4458735808730117 3.6532500684261313 7.5909452438354474 3.6111113429069519 3.0197655186057082 4.6391870677471161 3.9414621517062187 10.79765510559082
leaf_count=41 21 37 36 33 20 39 20 21 26 28 70
internal_value=-8.53199e-05 -0.000952866 0.000234791 -0.00239486 0.00647136 0.00118566 0.00646209 -0.00169739 -0.00592786 -0.0064528 -0.00349223
internal_weight=62.8507 58.2331 52.1326 36.6705 15.4621 32.2246 15.1435 11.8089 8.78912 7.55257 17.0811
internal_count=392 371 334 231 103 198 87 83 62 48 111
is_linear=0
shrinkage=0.05


Tree=44
num_leaves=13
num_cat=0
split_feature=1 1 3 3 0 3 3 2 3 2 0 2
split_gain=0.2427 0.722161 0.294757 1.37206 0.75262 0.714824 1.14749 0.513835 0.267947 0.219004 0.11083 0.0201633
threshold=5.5000000000000009 4.5000000000000009 12.500000000000002 4.5000000000000009 16.500000000000004 1.5000000000000002 1.0000000180025095e-35 0.23538461538461541 13.500000000000002 0.12916666666666668 14.500000000000002 0.17752100840336138
decision_type=2 2 2 2 2 2 2 2 2 2 2 2
left_child=1 2 3 5 8 6 7 -1 -4 -7 -2 -8
right_child=10 -3 4 -5 -6 9 11 -9 -10 -11 -12 -13
leaf_value=0.011150290048450161 -0.014979668215429313 0.018794548619948708 0.0084481598134702705 -0.031853385805588566 0.025483913349344897 0.020167132017307597 -0.028411602928389981 -0.0094512856012331243 -0.0051293575157825844 0.0046890389486442842 -0.0025820653241685827 -0.022225005470528233
leaf_weight=7.2225345820188611 3.5663747936487189 5.190292924642562 5.52849961817265 3.8274109363555899 3.3763898089528075 4.0045034363865835 2.6413065195083609 5.2098923027515411 10.602101027965546 5.3235046193003654 3.6452328860759735 2.6268932297825813
leaf_count=39 19 25 36 37 22 21 16 30 69 32 22 24
internal_value=-8.35919e-05 0.00103664 -0.000793449 -0.00383483 0.0040174 0.000132755 -0.00577004 0.00251706 -0.000475885 0.0113338 -0.00871308 -0.0253268
internal_weight=62.7649 55.5533 50.363 30.856 19.507 27.0286 17.7006 12.4324 16.1306 9.32801 7.21161 5.2682
internal_count=392 351 326 199 127 162 109 69 105 53 41 40
is_linear=0
shrinkage=0.05


Tree=45
num_leaves=13
num_cat=0
split_feature=2 1 1 3 3 2 3 3 0 3 3 2
split_gain=0.237353 0.349277 0.354329 0.388528 0.856325 0.86643 0.551751 1.34753 0.667302 0.341763 0.241424 0.0184846
threshold=0.43303571428571436 5.5000000000000009 4.5000000000000009 1.5000000000000002 1.0000000180025095e-35 0.23538461538461541 3.5000000000000004 12.500000000000002 16.500000000000004 8.5000000000000018 13.500000000000002 0.17752100840336138
decision_type=2 2 2 2 2 2 2 2 2 2 2 2
left_child=1 2 3 4 5 -1 -5 9 10 -8 -9 -6
right_child=-2 -3 -4 6 11 -7 7 8 -10 -11 -12 -13
leaf_value=0.010541641340939909 0.010080315400748392 -0.017403733499715048 0.012623474370339536 0.012898937358373372 -0.027409108676024665 -0.017841077944878599 -0.037245481404513607 0.0079854886840360507 0.023842120689001656 -0.010094964533149613 -0.0048888486193460149 -0.021441097285275074
leaf_weight=7.2566670626401919 5.2624955847859374 3.0765681713819495 4.9809625446796408 8.3436797410249692 2.6020345389842978 4.271623283624649 2.7638975828886059 5.5556554496288344 3.4270923212170592 1.996193468570709 10.568378880620003 2.587802454829216
leaf_count=39 24 22 24 42 16 26 33 36 22 15 69 24
internal_value=-8.29452e-05 -0.00101423 -8.65425e-05 -0.00136878 -0.00756771 2.48795e-05 0.00180484 -0.00200268 0.00380574 -0.0258596 -0.0004529 -0.0244333
internal_weight=62.6931 57.4306 54.354 49.373 16.7181 11.5283 32.6549 24.3112 19.5511 4.76009 16.124 5.18984
internal_count=392 368 346 322 105 65 217 175 127 48 105 40
is_linear=0
shrinkage=0.05


Tree=46
num_leaves=12
num_cat=0
split_feature=0 0 0 2 2 2 1 2 3 3 3
split_gain=0.244817 1.21063 1.11114 0.456511 0.645586 0.340364 0.148639 0.534718 0.0750062 0.0956719 0.0229206
threshold=18.500000000000004 21.500000000000004 15.500000000000002 0.45227272727272733 0.28991596638655465 0.21825396825396828 1.5000000000000002 0.067816091954023008 1.0000000180025095e-35 2.5000000000000004 13.500000000000002
decision_type=2 2 2 2 2 2 2 2 2 2 2
left_child=2 -2 3 4 5 6 7 10 -8 -10 -1
right_child=1 -3 -4 -5 -6 -7 8 -9 9 -11 -12
leaf_value=-0.0073876554172124954 -0.032537881849612142 0.0078639269460443681 0.023637013649297985 0.015457260308159929 -0.018703391141143257 0.01030489704545522 -0.0024285983101553919 0.011377192902456571 -0.0058202866346234528 -0.01871822866041984 -0.0035694046117982093
leaf_weight=6.3358899652957961 3.1071676984429351 4.5979311503469944 4.9691361859440795 3.8190394788980475 5.442677676677703 6.3118612021207801 4.5681214630603773 7.0829913765192023 3.6303926035761833 2.3805061131715775 10.352453768253326
leaf_count=41 22 30 26 17 35 39 25 37 30 22 68
internal_value=-8.25377e-05 -0.00842856 0.00108896 -0.00115535 -0.00253143 -0.000366796 -0.00232771 -0.00013356 -0.00725804 -0.0109283 -0.00501904
internal_weight=62.5982 7.7051 54.8931 49.9239 46.1049 40.6622 34.3504 23.7713 10.579 6.0109 16.6883
internal_count=392 52 340 314 297 262 223 146 77 52 109
is_linear=0
shrinkage=0.05


Tree=47
num_leaves=13
num_cat=0
split_feature=1 1 3 3 3 3 0 2 3 2 0 2
split_gain=0.225247 0.605386 0.251682 1.20017 0.610299 0.978281 0.582904 0.419582 0.218894 0.182789 0.115327 0.0180591
threshold=5.5000000000000009 4.5000000000000009 12.500000000000002 4.5000000000000009 1.5000000000000002 1.0000000180025095e-35 16.500000000000004 0.23538461538461541 13.500000000000002 0.12916666666666668 14.500000000000002 0.17752100840336138
decision_type=2 2 2 2 2 2 2 2 2 2 2 2
left_child=1 2 3 4 5 7 8 -1 -4 -6 -2 -7
right_child=10 -3 6 -5 9 11 -8 -9 -10 -11 -12 -13
leaf_value=0.0099366751487630009 -0.01483439582241048 0.017195639780964764 0.0077502849545624704 -0.03036944713761304 0.018489142079824019 -0.026704057628455354 0.022322794816307084 -0.0087065901022434968 -0.004513460365867375 0.00437076531274792 -0.0021475336895670247 -0.020767722896396126
leaf_weight=7.2855872064828961 3.5440269336104384 5.2247257977724066 5.5636996328830763 3.6639449186623088 4.0275511518120748 2.5703808665275565 3.4713058024644843 5.1521836593747139 10.515386685729027 5.3218657448887825 3.621918298304081 2.5542587637901306
leaf_count=39 19 25 36 37 21 16 22 30 69 32 22 24
internal_value=-8.08587e-05 0.00099902 -0.000689178 -0.00352222 0.000132931 -0.00536083 0.00374155 0.00221395 -0.000269948 0.0104527 -0.00842201 -0.0237452
internal_weight=62.5168 55.3509 50.1262 30.5758 26.9118 17.5624 19.5504 12.4378 16.0791 9.34942 7.16595 5.12464
internal_count=392 351 326 199 162 109 127 69 105 53 41 40
is_linear=0
shrinkage=0.05


Tree=48
num_leaves=13
num_cat=0
split_feature=0 2 2 2 0 3 3 0 1 3 3 0
split_gain=0.239657 1.48622 0.406039 0.508123 0.345822 0.271954 0.808661 0.669343 0.379359 0.915791 0.787148 0.0562438
threshold=17.500000000000004 0.17752100840336138 0.43303571428571436 0.34523809523809529 14.500000000000002 1.5000000000000002 1.0000000180025095e-35 13.500000000000002 1.0000000180025095e-35 2.5000000000000004 8.5000000000000018 13.500000000000002
decision_type=2 2 2 2 2 2 2 2 2 2 2 2
left_child=2 -2 3 4 5 6 7 -1 11 -10 -11 -7
right_child=1 -3 -4 -5 -6 8 -8 -9 9 10 -12 -13
leaf_value=-0.015248689487884333 -0.028577861575345 0.010845747742165013 0.015819966991164305 -0.019059994218525812 0.015388245151169525 -0.0057346189530320963 -0.02486664883064231 0.011089737887679819 0.032026026915348893 -0.011868810071539681 0.021563498586736132 0.00037450863029992847
leaf_weight=3.7544680610299093 4.4373002611100656 5.182939775288105 4.3804819732904425 3.2857703268527976 3.9753590747714034 6.1583459973335275 3.9496600553393355 6.7469854950904846 3.3174797743558866 4.7554015666246414 2.7956602722406387 9.7044868469238281
leaf_count=23 33 29 20 21 22 40 32 36 18 37 17 64
internal_value=-7.98344e-05 -0.00733825 0.00124206 -7.61419e-05 0.00130516 -5.42858e-05 -0.00558042 0.00167325 0.00293317 0.0101291 0.000508969 -0.00199721
internal_weight=62.4443 9.62024 52.8241 48.4436 45.1578 41.1825 14.4511 10.5015 26.7314 10.8685 7.55106 15.8628
internal_count=392 62 330 310 289 267 91 59 176 72 54 104
is_linear=0
shrinkage=0.05


Tree=49
num_leaves=14
num_cat=0
split_feature=0 0 0 0 1 2 1 3 1 2 3 2 0
split_gain=0.229496 0.270444 1.11981 0.862467 0.481427 0.452683 0.197188 0.565477 0.18233 0.11984 0.0550928 0.083134 0.00252988
threshold=8.5000000000000018 18.500000000000004 21.500000000000004 15.500000000000002 5.5000000000000009 0.21825396825396828 1.5000000000000002 3.5000000000000004 1.0000000180025095e-35 0.28991596638655465 1.0000000180025095e-35 0.14642857142857144 13.500000000000002
decision_type=2 2 2 2 2 2 2 2 2 2 2 2 2
left_child=-1 3 -3 4 5 6 7 -2 12 -7 -8 -12 -9
right_child=1 2 -4 -5 -6 9 10 8 -10 -11 11 -13 -14
leaf_value=-0.012392120821793737 0.017805992599593239 -0.031627700086336981 0.0074609304810836097 0.021674717776961151 -0.017301076107031702 0.01521526235194305 -0.0030342491890814152 -0.0011096167454089211 -0.012557744960422307 0.0041387077416597043 -0.015738840484954743 -0.0038501264663341906 0.00035569850042487514
leaf_weight=3.5679914727807036 4.1469706147909191 3.044476341456174 4.6015822924673557 5.0133456587791434 3.7628544121980658 5.889182120561598 4.5980072468519193 4.2289397120475778 3.7131128311157218 4.1717183068394661 3.230241447687149 2.6991154178977013 9.7067670822143555
leaf_count=20 18 22 30 26 21 36 25 30 24 24 25 27 64
internal_value=-7.93787e-05 0.00066768 -0.00810322 0.00197852 -0.000161254 0.00136042 -0.00152247 0.00119164 -0.00271226 0.0106224 -0.00714174 -0.010327 -8.89671e-05
internal_weight=62.3743 58.8063 7.64606 51.1603 46.1469 42.3841 32.3232 21.7958 17.6488 10.0609 10.5274 5.92936 13.9357
internal_count=392 372 52 320 294 273 213 136 118 60 77 52 94
is_linear=0
shrinkage=0.05


Tree=50
num_leaves=13
num_cat=0
split_feature=0 2 2 2 0 3 3 0 1 3 3 0
split_gain=0.211941 1.37873 0.393699 0.451369 0.287959 0.269625 0.744951 0.599821 0.344255 0.809116 0.743324 0.0468856
threshold=17.500000000000004 0.17752100840336138 0.43303571428571436 0.34523809523809529 14.500000000000002 1.5000000000000002 1.0000000180025095e-35 13.500000000000002 1.0000000180025095e-35 2.5000000000000004 8.5000000000000018 13.500000000000002
decision_type=2 2 2 2 2 2 2 2 2 2 2 2
left_child=2 -2 3 4 5 6 7 -1 11 -10 -11 -7
right_child=1 -3 -4 -5 -6 8 -8 -9 9 10 -12 -13
leaf_value=-0.014790864207722727 -0.027682714951022671 0.010483994893340849 0.015499004677790871 -0.018168215815482173 0.013940178282858783 -0.0052494279883959971 -0.024268530765201524 0.010161866826934839 0.030171191589028076 -0.011488503333057261 0.020998335866478899 0.00033783617031057445
leaf_weight=3.731154225766657 4.3531930036842805 5.183919295668602 4.3900853544473639 3.2390295490622512 4.0125246569514266 6.1225271672010431 3.8995172828435889 6.7933531850576401 3.3502202406525594 4.718941867351532 2.8088270798325539 9.7089328765869141
leaf_count=23 33 29 20 21 22 40 32 36 18 37 17 64
internal_value=-7.75454e-05 -0.00693711 0.00116206 -0.000138761 0.00115477 -9.2428e-05 -0.00560103 0.00131561 0.00288241 0.00973041 0.000633271 -0.00182294
internal_weight=62.3122 9.53711 52.7751 48.385 45.146 41.1335 14.424 10.5245 26.7094 10.878 7.52777 15.8315
internal_count=392 62 330 310 289 267 91 59 176 72 54 104
is_linear=0
shrinkage=0.05


Tree=51
num_leaves=12
num_cat=0
split_feature=1 1 3 3 0 3 3 2 0 3 2
split_gain=0.226289 0.519635 0.248822 1.0982 0.630556 0.500222 0.789607 0.401336 0.221392 0.20653 0.185434
threshold=5.5000000000000009 4.5000000000000009 12.500000000000002 4.5000000000000009 16.500000000000004 1.5000000000000002 1.0000000180025095e-35 0.23538461538461541 15.500000000000002 13.500000000000002 0.12916666666666668
decision_type=2 2 2 2 2 2 2 2 2 2 2
left_child=1 2 3 5 9 6 7 -1 -2 -4 -7
right_child=8 -3 4 -5 -6 10 -8 -9 -10 -11 -12
leaf_value=0.0092941212095507767 -0.016861339973252922 0.015993871791891334 0.0074774963682228404 -0.029487136934721433 0.023313803636890063 0.017493872753958029 -0.02182720580566655 -0.0089312427956650623 0.00076651237865785757 -0.0044358081762116619 0.0032951141394473951
leaf_weight=7.3149642348289579 3.7338363602757445 5.2352362573146811 5.5657118558883711 3.5599726475775233 3.4272326007485381 4.0186771750450117 4.9558739252388468 5.1452921479940414 3.4058833867311478 10.503404974937439 5.3751068562269211
leaf_count=39 21 25 36 37 22 21 40 30 20 69 32
internal_value=-7.69098e-05 0.00100832 -0.000564948 -0.00339482 0.0038432 6.98715e-05 -0.00494602 0.00176821 -0.00845227 -0.000309507 0.00936937
internal_weight=62.2412 55.1015 49.8662 30.3699 19.4963 26.8099 17.4161 12.4603 7.13972 16.0691 9.39378
internal_count=392 351 326 199 127 162 109 69 41 105 53
is_linear=0
shrinkage=0.05


Tree=52
num_leaves=13
num_cat=0
split_feature=0 2 2 2 0 2 3 3 2 2 3 3
split_gain=0.217042 1.27592 0.380275 0.421566 0.281388 0.542435 0.494754 0.930304 0.523058 1.0759 0.397994 0.00507496
threshold=17.500000000000004 0.17752100840336138 0.43303571428571436 0.34523809523809529 13.500000000000002 0.2752525252525253 1.5000000000000002 1.0000000180025095e-35 0.067816091954023008 0.12916666666666668 2.5000000000000004 1.0000000180025095e-35
decision_type=2 2 2 2 2 2 2 2 2 2 2 2
left_child=2 -2 3 4 10 6 7 -6 -8 -10 11 -1
right_child=1 -3 -4 -5 5 -7 8 -9 9 -11 -12 -13
leaf_value=-0.014307008405147568 -0.027167655910815741 0.0096201567883983062 0.015258974979722709 -0.017621478646223078 0.0045624241884487477 0.017343885298988306 -0.0019315576661541789 -0.030667476737912248 0.033310882311154921 -0.0048567392850997308 0.0044361106936389996 -0.011633258663881631
leaf_weight=3.7046109512448293 4.3049428127706033 5.2088582217693329 4.395713433623313 3.2058022767305365 4.5202310681343141 5.9165324643254271 10.865747377276422 3.2007761038839817 3.9122119024395934 3.4966035783290863 6.0296723544597626 3.4067606702446938
leaf_count=23 33 29 20 21 24 31 71 27 21 28 43 21
internal_value=-7.59056e-05 -0.00702613 0.00117988 -0.000102527 0.00114405 0.00367975 0.00056982 -0.0100423 0.00505344 0.0152976 -0.00501371 -0.0130261
internal_weight=62.1685 9.5138 52.6547 48.2589 45.0531 31.9121 25.9956 7.72101 18.2746 7.40882 13.141 7.11137
internal_count=392 62 330 310 289 202 171 51 120 49 87 44
is_linear=0
shrinkage=0.05


Tree=53
num_leaves=12
num_cat=0
split_feature=1 1 3 3 0 3 3 2 0 3 2
split_gain=0.226159 0.463955 0.225898 1.0484 0.621496 0.426864 0.665955 0.384147 0.197062 0.166249 0.158187
threshold=5.5000000000000009 4.5000000000000009 12.500000000000002 4.5000000000000009 16.500000000000004 1.5000000000000002 1.0000000180025095e-35 0.23538461538461541 15.500000000000002 13.500000000000002 0.12916666666666668
decision_type=2 2 2 2 2 2 2 2 2 2 2
left_child=1 2 3 5 9 6 7 -1 -2 -4 -7
right_child=8 -3 4 -5 -6 10 -8 -9 -10 -11 -12
leaf_value=0.0089653495319104749 -0.016442949734775048 0.015148357077092129 0.0065329005879048267 -0.028924091155175725 0.023035178261127134 0.0162396242438302 -0.02025954406737103 -0.0088701453885830697 0.00019765351043801835 -0.0041345084388102324 0.0031370779445432859
leaf_weight=7.3331829458475202 3.7061240971088401 5.2494492530822745 5.6115502119064375 3.4993135854601851 3.4297259896993628 4.0325500741600973 4.8221050277352324 5.1317197754979134 3.4216895177960396 10.461647644639015 5.3726023733615875
leaf_count=39 21 25 36 37 22 21 40 30 20 69 32
internal_value=-7.52967e-05 0.00101175 -0.000481564 -0.00319101 0.00371279 0.000182569 -0.0044813 0.00162259 -0.00845467 -0.000410253 0.00875492
internal_weight=62.0717 54.9438 49.6944 30.1915 19.5029 26.6922 17.287 12.4649 7.12781 16.0732 9.40515
internal_count=392 351 326 199 127 162 109 69 41 105 53
is_linear=0
shrinkage=0.05


Tree=54
num_leaves=13
num_cat=0
split_feature=0 2 2 2 0 2 3 3 2 2 3 3
split_gain=0.221224 1.18384 0.367437 0.393395 0.277667 0.487699 0.448292 0.802348 0.467861 0.950021 0.360617 0.00424913
threshold=17.500000000000004 0.17752100840336138 0.43303571428571436 0.34523809523809529 13.500000000000002 0.2752525252525253 1.5000000000000002 1.0000000180025095e-35 0.067816091954023008 0.12916666666666668 2.5000000000000004 1.0000000180025095e-35
decision_type=2 2 2 2 2 2 2 2 2 2 2 2
left_child=2 -2 3 4 10 6 7 -6 -8 -10 11 -1
right_child=1 -3 -4 -5 5 -7 8 -9 9 -11 -12 -13
leaf_value=-0.013834744641533323 -0.026671790069143421 0.0088350111749599305 0.01502402459152811 -0.017082943651658262 0.0039049450885236476 0.016584146962288125 -0.001669088953241487 -0.029092815617916636 0.031476494792339861 -0.0044196749912766798 0.0039643311514127606 -0.01138097735824598
leaf_weight=3.6788556724786741 4.2588024921715242 5.2308930456638336 4.4010653346776953 3.1735685691237441 4.5437618345022264 5.934881515800952 10.828290462493898 3.0983623750507832 3.9302825257182112 3.471080981194973 6.0601285845041275 3.3901556432247162
leaf_count=23 33 29 20 21 24 31 71 27 21 28 43 21
internal_value=-7.41439e-05 -0.00709979 0.00119553 -6.95033e-05 0.00113206 0.00365726 0.000691879 -0.00947341 0.00495331 0.014642 -0.00498547 -0.012658
internal_weight=62.0001 9.4897 52.5104 48.1094 44.9358 31.8067 25.8718 7.64212 18.2297 7.40136 13.1291 7.06901
internal_count=392 62 330 310 289 202 171 51 120 49 87 44
is_linear=0
shrinkage=0.05


Tree=55
num_leaves=13
num_cat=0
split_feature=1 2 0 3 0 2 2 3 3 3 0 3
split_gain=0.225384 0.437734 0.200038 0.908627 0.250763 0.436696 0.407519 0.327746 0.195877 0.400546 0.176053 0.00392969
threshold=5.5000000000000009 0.34523809523809529 17.500000000000004 5.5000000000000009 13.500000000000002 0.2752525252525253 0.19615384615384621 2.5000000000000004 2.5000000000000004 12.500000000000002 15.500000000000002 1.0000000180025095e-35
decision_type=2 2 2 2 2 2 2 2 2 2 2 2
left_child=1 2 4 -4 7 6 8 11 -6 -10 -2 -1
right_child=10 -3 3 -5 5 -7 -8 -9 9 -11 -12 -13
leaf_value=-0.013238624691676968 -0.016044843700877092 0.01864690521848179 -0.028223902808886866 0.0090396873475493481 0.010361145126218692 0.01565990369574077 -0.015492417266697018 0.0037565953482640684 -0.014971534178658631 0.004280666893600427 -0.00030577901197524041 -0.010871592699114571
leaf_weight=3.652961425483225 3.6796626746654502 3.3071764260530463 3.0538938455283633 3.5231807269155979 6.5660110116005024 5.9699674248695365 3.3938197679817668 6.0750924572348595 3.4526077881455413 12.421434015035629 3.435674637556076 3.3720242530107498
leaf_count=23 21 17 19 26 36 31 31 43 26 78 20 21
internal_value=-7.33478e-05 0.0010139 -0.000118858 -0.00826269 0.00107397 0.00347201 0.0006555 -0.0047479 0.0030977 9.33087e-05 -0.00844516 -0.0121024
internal_weight=61.9035 54.7882 51.481 6.57707 44.9039 31.8038 25.8339 13.1001 22.4401 15.874 7.11534 7.02499
internal_count=392 351 334 45 289 202 171 87 140 104 41 44
is_linear=0
shrinkage=0.05


Tree=56
num_leaves=14
num_cat=0
split_feature=0 1 3 3 3 1 3 1 0 0 1 3 1
split_gain=0.216188 0.244848 0.537954 0.81129 0.776271 1.45093 0.627784 0.261416 0.203348 0.16071 0.141775 0.124512 0.177097
threshold=8.5000000000000018 5.5000000000000009 2.5000000000000004 8.5000000000000018 1.5000000000000002 4.5000000000000009 1.0000000180025095e-35 3.5000000000000004 16.500000000000004 15.500000000000002 2.5000000000000004 13.500000000000002 1.0000000180025095e-35
decision_type=2 2 2 2 2 2 2 2 2 2 2 2 2
left_child=-1 2 4 7 5 6 10 -4 11 -3 -2 12 -5
right_child=1 9 3 8 -6 -7 -8 -9 -10 -11 -12 -13 -14
leaf_value=-0.012084871163443985 0.0099211978739265645 -0.015354594000224726 -0.027898615795990924 -0.0020792616647316705 0.028006239301341274 0.02994991063436353 -0.018825875114064784 -0.0071419879489336025 0.012013861027849217 -0.00029052777073368256 -0.0017122821437612842 -0.0040622775643121339 0.0137472329261852
leaf_weight=3.5312228724360457 4.4434933662414604 3.6535064354538909 3.4756970852613476 4.2843867838382765 3.8374691158533087 4.0792690813541403 4.6966867446899405 2.691615141928196 3.9243415445089331 3.4352522939443588 6.3779144883155823 10.451664984226227 3.0090071484446526
leaf_count=20 20 21 33 30 20 19 40 17 26 20 39 69 18
internal_value=-7.14714e-05 0.000655427 0.00185965 -0.00283958 0.00744155 0.00341467 -0.0035607 -0.0188397 0.00171422 -0.00805446 0.00306466 -0.00056356 0.00445021
internal_weight=61.8915 58.3603 51.2715 27.8367 23.4348 19.5974 15.5181 6.16731 21.6694 7.08876 10.8214 17.7451 7.29339
internal_count=392 372 331 193 138 118 99 50 143 41 59 117 48
is_linear=0
shrinkage=0.05


Tree=57
num_leaves=12
num_cat=0
split_feature=0 0 0 2 2 2 1 2 3 3 3
split_gain=0.201229 1.03251 0.74645 0.419213 0.489008 0.271285 0.111664 0.167822 0.448463 0.0783069 0.0391485
threshold=18.500000000000004 21.500000000000004 15.500000000000002 0.45227272727272733 0.28991596638655465 0.21825396825396828 2.5000000000000004 0.067816091954023008 2.5000000000000004 1.0000000180025095e-35 13.500000000000002
decision_type=2 2 2 2 2 2 2 2 2 2 2
left_child=2 -2 3 4 5 6 7 10 9 -9 -1
right_child=1 -3 -4 -5 -6 -7 -8 8 -10 -11 -12
leaf_value=-0.0076962502847297727 -0.03072698512417775 0.0071555745756209516 0.019378099809968921 0.015033770542603839 -0.016635012230283311 0.009163774736657011 -0.011099583421250572 0.0047581197855580014 -0.0084368610521636071 0.014256214877200638 -0.0027021972203931008
leaf_weight=6.363993495702748 2.9621132276952258 4.5795190036296844 5.0111132971942416 3.8190175592899314 5.2052095830440512 6.3183178231120101 3.1417057923972598 4.0652106553316099 5.4679402336478224 4.6547939479351044 10.235779285430908
leaf_count=41 22 30 26 17 35 39 30 18 39 27 68
internal_value=-7.04584e-05 -0.00772349 0.000992789 -0.000877055 -0.0022139 -0.000348832 -0.00212026 -0.00120398 0.00278901 0.00982826 -0.00461681
internal_weight=61.8247 7.54163 54.2831 49.272 45.453 40.2477 33.9294 30.7877 14.1879 8.72 16.5998
internal_count=392 52 340 314 297 262 223 193 84 45 109
is_linear=0
shrinkage=0.05


Tree=58
num_leaves=13
num_cat=0
split_feature=1 0 2 0 2 3 3 3 3 0 1 1
split_gain=0.197785 0.338464 1.11253 0.160762 0.209288 0.481529 0.93475 0.664539 0.620484 0.0914133 0.08571 0.035093
threshold=7.5000000000000009 15.500000000000002 0.17752100840336138 8.5000000000000018 0.28991596638655465 2.5000000000000004 1.5000000000000002 1.0000000180025095e-35 8.5000000000000018 13.500000000000002 2.5000000000000004 1.0000000180025095e-35
decision_type=2 2 2 2 2 2 2 2 2 2 2 2
left_child=1 3 -3 -1 5 6 7 10 -7 -10 -5 -11
right_child=-2 2 -4 4 -6 8 -8 -9 9 11 -12 -13
leaf_value=-0.011535762053111329 -0.0120051150194154 -0.0081433283792538974 0.023647335328625011 0.013630653442824906 -0.0090947621588617685 -0.020380357376151681 0.031607326051341499 -0.017452590843746701 -0.0056343633937426321 0.0010599792611029517 0.0040003809931351665 0.007047473195168275
leaf_weight=3.5062407925724974 3.2859280854463568 5.2596936896443349 5.7721796259284019 4.2373637109994871 5.991394840180873 4.5055941864848164 3.2276970371603957 3.397332113236188 4.5879498720169076 9.6218624114990217 5.0807226300239563 3.2819221392273912
leaf_count=20 17 38 31 19 37 36 17 31 33 64 30 19
internal_value=-6.89527e-05 0.000601843 0.00849042 -0.00123267 -0.000410372 0.000961031 0.00757753 0.00147778 -0.00383445 0.000427519 0.00837971 0.00258283
internal_weight=61.7559 58.47 11.0319 47.4381 43.9318 37.9404 15.9431 12.7154 21.9973 17.4917 9.31809 12.9038
internal_count=392 375 69 306 286 249 97 80 152 116 49 83
is_linear=0
shrinkage=0.05


Tree=59
num_leaves=13
num_cat=0
split_feature=0 2 2 2 0 2 3 3 2 2 3 3
split_gain=0.204435 1.06813 0.347624 0.348867 0.20862 0.362584 0.417345 0.690989 0.42714 0.879394 0.358508 0.00326672
threshold=17.500000000000004 0.17752100840336138 0.43303571428571436 0.34523809523809529 13.500000000000002 0.2752525252525253 1.5000000000000002 1.0000000180025095e-35 0.067816091954023008 0.12916666666666668 2.5000000000000004 1.0000000180025095e-35
decision_type=2 2 2 2 2 2 2 2 2 2 2 2
left_child=2 -2 3 4 10 6 7 -6 -8 -10 11 -1
right_child=1 -3 -4 -5 5 -7 8 -9 9 -11 -12 -13
leaf_value=-0.01305219134676072 -0.025730124824043618 0.0081804339359587194 0.014588760855081524 -0.016255899413920069 0.0030661585863852041 0.014293112916644335 -0.001588170306615946 -0.027819379229728925 0.030120434913327734 -0.0044263798123010166 0.0046479205411302203 -0.010885751441332688
leaf_weight=3.6277179941534978 4.1713215038180333 5.2383192852139473 4.4085742682218543 3.1175931468605986 4.5484336167573991 6.0017044246196738 10.815225183963777 3.0088942423462868 3.9478287771344176 3.453487865626812 6.0140239223837852 3.3439841195940971
leaf_count=23 33 29 20 21 24 31 71 27 21 28 43 21
internal_value=-6.75582e-05 -0.00685222 0.00115341 -8.36879e-05 0.0010427 0.00322484 0.000647481 -0.00923069 0.00474555 0.0140007 -0.00429693 -0.0120131
internal_weight=61.6971 9.40964 52.2875 47.8789 44.7613 31.7756 25.7739 7.55733 18.2165 7.40132 12.9857 6.9717
internal_count=392 62 330 310 289 202 171 51 120 49 87 44
is_linear=0
shrinkage=0.05


Tree=60
num_leaves=13
num_cat=0
split_feature=1 2 2 0 0 3 2 2 0 3 2 3
split_gain=0.209967 0.405321 0.179097 0.964537 0.687362 0.231489 0.20236 0.734917 0.132465 0.126908 0.0939227 0.072753
threshold=5.5000000000000009 0.34523809523809529 0.17752100840336138 17.500000000000004 14.500000000000002 1.5000000000000002 0.067816091954023008 0.12916666666666668 15.500000000000002 1.5000000000000002 0.23538461538461541 13.500000000000002
decision_type=2 2 2 2 2 2 2 2 2 2 2 2
left_child=1 2 3 6 5 10 11 -8 -2 -9 -4 -1
right_child=8 -3 4 -5 -6 -7 7 9 -10 -11 -12 -13
leaf_value=-0.0070865912256417116 -0.014866348495148774 0.017927792705829764 -0.00034622575016648701 -0.024858320311119064 0.021215504991964909 0.0096668365650981764 0.016186228812004804 0.00081580649670332103 -0.0011710404249229535 -0.012322997553164673 -0.011309482142604885 -0.0003087944625179857
leaf_weight=6.3156296759843871 3.614427998661994 3.3149844110012046 3.3816610537469369 4.1034900285303584 4.356176294386386 2.9687556102871886 7.4908571168780309 3.5145792886614799 3.4518048167228699 3.8524225577712059 4.626037485897541 10.611747264862061
leaf_count=41 21 17 31 33 23 21 39 20 20 28 28 70
internal_value=-6.67764e-05 0.000983967 -0.000112617 -0.00204511 0.00441073 -0.00225851 0.000900085 0.00515838 -0.00817629 -0.00605486 -0.00667969 -0.0028376
internal_weight=61.6026 54.5363 51.2214 35.8887 15.3326 10.9765 31.7852 14.8579 7.06623 7.367 8.0077 16.9274
internal_count=392 351 334 231 103 80 198 87 41 48 59 111
is_linear=0
shrinkage=0.05


Tree=61
num_leaves=13
num_cat=0
split_feature=1 2 2 0 0 3 2 2 0 3 2 3
split_gain=0.190108 0.363021 0.161711 0.885794 0.615978 0.208953 0.182597 0.660652 0.120905 0.115723 0.085635 0.0660829
threshold=5.5000000000000009 0.34523809523809529 0.17752100840336138 17.500000000000004 14.500000000000002 1.5000000000000002 0.067816091954023008 0.12916666666666668 15.500000000000002 1.5000000000000002 0.23538461538461541 13.500000000000002
decision_type=2 2 2 2 2 2 2 2 2 2 2 2
left_child=1 2 3 6 5 10 11 -8 -2 -9 -4 -1
right_child=8 -3 4 -5 -6 -7 7 9 -10 -11 -12 -13
leaf_value=-0.0067619728354208 -0.014220036229334569 0.016908520596398562 -0.00032899727296218013 -0.024006486291029808 0.020027859504653852 0.0091454639669867367 0.015310699186743857 0.00077473152366058209 -0.0011130151736425803 -0.011791710708676392 -0.010811656537501624 -0.00029341177815820371
leaf_weight=6.2885871082544371 3.5903985276818267 3.3384528011083594 3.3808569200336915 4.0383298508822909 4.3830571323633185 2.9807828068733215 7.5224185362458211 3.5158385261893272 3.4502107352018356 3.8254027888178825 4.5978309512138367 10.609698578715324
leaf_count=41 21 17 31 33 23 21 39 20 20 28 28 70
internal_value=-6.53281e-05 0.000933837 -0.000108943 -0.00194951 0.00418584 -0.0021499 0.000854891 0.00489713 -0.00779701 -0.00577344 -0.00636978 -0.00270064
internal_weight=61.5219 54.4813 51.1428 35.8003 15.3425 10.9595 31.7619 14.8637 7.04061 7.34124 7.97869 16.8983
internal_count=392 351 334 231 103 80 198 87 41 48 59 111
is_linear=0
shrinkage=0.05


Tree=62
num_leaves=13
num_cat=0
split_feature=0 0 2 3 2 2 0 2 3 3 2 1
split_gain=0.176746 0.233672 1.17978 0.903624 0.481238 0.322595 0.830828 2.13844 0.271796 0.427883 0.465795 0.478001
threshold=8.5000000000000018 13.500000000000002 0.4045454545454546 3.5000000000000004 0.28991596638655465 0.048054919908466824 17.500000000000004 0.17752100840336138 8.5000000000000018 2.5000000000000004 0.2752525252525253 2.5000000000000004
decision_type=2 2 2 2 2 2 2 2 2 2 2 2
left_child=-1 3 4 -2 5 -3 8 -8 9 10 11 -7
right_child=1 2 -4 -5 -6 6 7 -9 -10 -11 -12 -13
leaf_value=-0.011023762688610996 0.019213930337307422 0.007397928545008552 -0.025696571968994643 -0.0091218674358566013 0.017556221140668377 0.0062946492061184663 -0.04619765022627792 0.010377234981929783 0.013353036090071067 -0.015316623963598659 0.019466877491465941 -0.016969655597207031
leaf_weight=3.4707035720348349 6.5190618708729726 10.196136251091955 4.3751786947250357 4.9498874917626381 4.2404234409332267 6.0687184333801358 3.394632887095212 3.2881903201341629 4.1437079012393943 3.9598851874470702 3.3649856746196738 3.4706545695662498
leaf_count=20 39 68 24 38 23 32 29 18 23 31 17 30
internal_value=-6.37827e-05 0.000592382 -0.000984104 0.00698447 0.00158244 -0.000205402 -0.00300506 -0.0183608 0.00187974 -0.000939364 0.0034725 -0.00216947
internal_weight=61.4422 57.9715 46.5025 11.4689 42.1273 37.8869 27.6908 6.68282 21.008 16.8642 12.9044 9.53937
internal_count=392 372 295 77 271 248 180 47 133 110 79 62
is_linear=0
shrinkage=0.05


Tree=63
num_leaves=12
num_cat=0
split_feature=2 0 0 0 2 2 1 2 1 3 3
split_gain=0.200651 0.325158 0.842453 0.902881 0.432663 0.240546 0.0882836 0.272306 0.0274508 0.0599955 0.0151687
threshold=0.45227272727272733 22.500000000000004 18.500000000000004 15.500000000000002 0.28991596638655465 0.21825396825396828 1.5000000000000002 0.067816091954023008 2.5000000000000004 1.5000000000000002 13.500000000000002
decision_type=2 2 2 2 2 2 2 2 2 2 2
left_child=1 2 3 4 5 6 7 10 9 -8 -1
right_child=-2 -3 -4 -5 -6 -7 8 -9 -10 -11 -12
leaf_value=-0.0060357532845314796 0.0099474549931080347 0.014790608968562725 -0.025418481743163843 0.020412776125565846 -0.016010599043046983 0.0083474441735832544 0.00020528382995253945 0.0076458278285601554 -0.010076129359620548 -0.0089460751472750129 -0.0029078993613930347
leaf_weight=6.2283557355403945 4.6267666965723029 3.1274492405354968 3.5258335322141638 4.8317516520619384 5.1219549551606169 6.3524253517389289 3.5331164151430112 7.0595919266343108 3.0829470977187157 3.6321191191673279 10.263339340686798
leaf_count=41 21 24 25 25 35 39 20 37 30 27 68
internal_value=-6.48805e-05 -0.000881048 -0.00179492 -0.000132577 -0.00232523 -0.000579468 -0.00225723 -0.000571568 -0.00613105 -0.00443362 -0.00408918
internal_weight=61.3857 56.7589 53.6314 50.1056 45.2738 40.1519 33.7995 23.5513 10.2482 7.16524 16.4917
internal_count=392 371 347 322 297 262 223 146 77 47 109
is_linear=0
shrinkage=0.05


Tree=64
num_leaves=13
num_cat=0
split_feature=2 0 0 0 2 2 3 2 3 3 3 2
split_gain=0.180628 0.291423 0.771471 0.810718 0.394784 0.216587 0.0842769 0.19122 0.584825 0.84801 0.0138017 0.00162992
threshold=0.45227272727272733 22.500000000000004 18.500000000000004 15.500000000000002 0.28991596638655465 0.21825396825396828 1.5000000000000002 0.067816091954023008 2.5000000000000004 8.5000000000000018 13.500000000000002 0.14642857142857144
decision_type=2 2 2 2 2 2 2 2 2 2 2 2
left_child=1 2 3 4 5 6 11 10 -9 -10 -8 -1
right_child=-2 -3 -4 -5 -6 -7 7 8 9 -11 -12 -13
leaf_value=-0.0070615156543138774 0.0094199382978108342 0.013929777698631974 -0.024473685407766836 0.019278354176071058 -0.015352043950579495 0.0078988184527839702 -0.0057557534814640906 0.023237266236651122 -0.022676275535602863 0.015350789605986782 -0.0027677014058357036 -0.0056494691834925439
leaf_weight=4.9506944566965085 4.6411920189857474 3.1539796069264403 3.480038493871688 4.8595319241285315 5.0757913887500754 6.3769124448299399 6.2053811103105589 2.9848337396979314 2.9769547544419765 2.8886628374457359 10.244556307792664 3.4803768694400787
leaf_count=26 21 24 25 25 35 39 41 16 27 17 68 28
internal_value=-6.32942e-05 -0.000839852 -0.00171018 -0.000127204 -0.00221426 -0.000551649 -0.0021492 -0.000706477 0.00521966 -0.00394894 -0.00389488 -0.00647862
internal_weight=61.3189 56.6777 53.5237 50.0437 45.1842 40.1084 33.7315 25.3004 8.85045 5.86562 16.4499 8.43107
internal_count=392 371 347 322 297 262 223 169 60 44 109 54
is_linear=0
shrinkage=0.05


Tree=65
num_leaves=13
num_cat=0
split_feature=1 0 2 0 2 3 3 3 3 2 1 0
split_gain=0.165889 0.339789 0.658529 0.125381 0.151883 0.409526 0.790478 0.573172 0.554131 0.285873 0.0699392 0.018962
threshold=7.5000000000000009 15.500000000000002 0.17752100840336138 8.5000000000000018 0.28991596638655465 2.5000000000000004 1.5000000000000002 1.0000000180025095e-35 8.5000000000000018 0.067816091954023008 2.5000000000000004 13.500000000000002
decision_type=2 2 2 2 2 2 2 2 2 2 2 2
left_child=1 3 -3 -1 5 6 7 10 -7 11 -5 -10
right_child=-2 2 -4 4 -6 8 -8 -9 9 -11 -12 -13
leaf_value=-0.01046431550522613 -0.011030445358734811 -0.0048274194315477059 0.019923525025925915 0.012140559309308262 -0.0080351625882349922 -0.019636554965380224 0.028670740967372252 -0.016716830716758738 0.0001681081647206783 0.014482090736623847 0.0034598983557754719 -0.003825992170930854
leaf_weight=3.4430828243494025 3.2636760771274558 4.9735339600592834 5.8464655131101608 4.2573568820953351 5.8740583881735793 4.4255323186516788 3.2578090652823439 3.3406309112906447 4.1573417186737069 2.9083195924758902 5.0999464839696884 10.418345376849174
leaf_count=20 17 38 31 19 37 36 17 31 30 17 30 69
internal_value=-6.2183e-05 0.000554978 0.00854648 -0.00127765 -0.000554496 0.000605984 0.00669922 0.00106216 -0.00383145 0.000169122 0.0074094 -0.00268678
internal_weight=61.2661 58.0024 10.82 47.1824 43.7393 37.8653 15.9557 12.6979 21.9095 17.484 9.3573 14.5757
internal_count=392 375 69 306 286 249 97 80 152 116 49 99
is_linear=0
shrinkage=0.05


Tree=66
num_leaves=12
num_cat=0
split_feature=2 0 0 0 2 2 1 2 1 3 3
split_gain=0.182071 0.256318 0.73106 0.693565 0.341443 0.205332 0.0949162 0.223301 0.0212046 0.0645251 0.0128695
threshold=0.45227272727272733 22.500000000000004 18.500000000000004 15.500000000000002 0.28991596638655465 0.21825396825396828 1.5000000000000002 0.067816091954023008 2.5000000000000004 1.5000000000000002 13.500000000000002
decision_type=2 2 2 2 2 2 2 2 2 2 2
left_child=1 2 3 4 5 6 7 10 9 -8 -1
right_child=-2 -3 -4 -5 -6 -7 8 -9 -10 -11 -12
leaf_value=-0.005341110734132376 0.0094608972473007036 0.012951371204877576 -0.02393528640274617 0.017760103440810592 -0.014375959850256663 0.0076902400915253924 0.00019695517747703829 0.0070981252405807648 -0.0095972376795748424 -0.009295612192383014 -0.0024488757929737419
leaf_weight=6.1738120019435927 4.6399543881416312 3.1788393259048453 3.4465591330081216 4.8892913982272139 5.0078865960240355 6.3881577849388114 3.5265230089426023 7.0607328116893759 3.054831437766552 3.6359490156173706 10.201995968818665
leaf_count=41 21 24 25 25 35 39 20 37 30 27 68
internal_value=-6.07884e-05 -0.000841846 -0.00166316 -0.000126045 -0.00206724 -0.000527839 -0.00208779 -0.00033454 -0.00610942 -0.00462184 -0.00353927
internal_weight=61.2045 56.5646 53.3857 49.9392 45.0499 40.042 33.6538 23.4365 10.2173 7.16247 16.3758
internal_count=392 371 347 322 297 262 223 146 77 47 109
is_linear=0
shrinkage=0.05


Tree=67
num_leaves=13
num_cat=0
split_feature=2 0 0 0 2 2 3 2 1 2 3 0
split_gain=0.163924 0.22998 0.669066 0.623362 0.311258 0.184921 0.0941382 0.50446 0.452152 0.35882 0.218535 0.15939
threshold=0.45227272727272733 22.500000000000004 18.500000000000004 15.500000000000002 0.28991596638655465 0.21825396825396828 2.5000000000000004 0.07417582417582419 1.0000000180025095e-35 0.14642857142857144 8.5000000000000018 13.500000000000002
decision_type=2 2 2 2 2 2 2 2 2 2 2 2
left_child=1 2 3 4 5 6 7 -1 11 -9 -10 -8
right_child=-2 -3 -4 -5 -6 -7 8 9 10 -11 -12 -13
leaf_value=-0.021436155107180346 0.0089609208766813758 0.012212329523421743 -0.023033104377215171 0.016790645312936763 -0.013773858259247623 0.0072794498367742266 0.012549544830584493 0.01084431653124017 -0.021004049295841421 -0.0090174168369317811 -0.0027056208510981422 0.0013484478497613164
leaf_weight=3.5317091494798651 4.6535402834415427 3.2020346447825423 3.4035953618586055 4.912396863102912 4.9665377065539351 6.4106231033802024 4.7492933124303827 4.5095415562391263 2.9074019491672507 4.5869421772658825 3.7185936793684959 9.5873546600341797
leaf_count=18 21 24 25 25 35 39 33 24 27 35 22 64
internal_value=-5.91411e-05 -0.000802249 -0.00158434 -0.000120785 -0.00196822 -0.00050245 -0.00198758 -0.0053979 6.68427e-05 0.00082895 -0.0107347 0.00505903
internal_weight=61.1396 56.486 53.284 49.8804 44.968 40.0015 33.5908 12.6282 20.9626 9.09648 6.626 14.3366
internal_count=392 371 347 322 297 262 223 77 146 59 49 97
is_linear=0
shrinkage=0.05


Tree=68
num_leaves=13
num_cat=0
split_feature=1 0 2 0 2 3 3 3 3 2 1 0
split_gain=0.166821 0.26708 0.617304 0.113333 0.109644 0.363934 0.719087 0.506875 0.481099 0.256427 0.0632579 0.0135596
threshold=7.5000000000000009 15.500000000000002 0.17752100840336138 8.5000000000000018 0.28991596638655465 2.5000000000000004 1.5000000000000002 1.0000000180025095e-35 8.5000000000000018 0.067816091954023008 2.5000000000000004 13.500000000000002
decision_type=2 2 2 2 2 2 2 2 2 2 2 2
left_child=1 3 -3 -1 5 6 7 10 -7 11 -5 -10
right_child=-2 2 -4 4 -6 8 -8 -9 9 -11 -12 -13
leaf_value=-0.0098459267585462168 -0.011057807686115827 -0.0053043061199030067 0.018630311095798335 0.011354119706999391 -0.0067957162810919946 -0.018461987552920549 0.02720928357268336 -0.015918836941382238 -0.0002006395627373116 0.013615962287808073 0.0031124681955853623 -0.0035738503571829555
leaf_weight=3.4115895554423323 3.2628464251756659 4.9833739120513183 5.8638034760951996 4.2750375717878324 5.7813189104199401 4.356873236596587 3.2786728069186202 3.2987027727067462 4.1778337955474862 2.9255091622471801 5.1126260459423065 10.383918285369873
leaf_count=20 17 38 31 19 37 36 17 31 30 17 30 69
internal_value=-5.80568e-05 0.000562357 0.00763435 -0.00106972 -0.000382857 0.000597719 0.00633578 0.00094122 -0.00359601 0.000107782 0.00686562 -0.00260606
internal_weight=61.1121 57.8493 10.8472 47.0021 43.5905 37.8092 15.965 12.6864 21.8441 17.4873 9.38766 14.5618
internal_count=392 375 69 306 286 249 97 80 152 116 49 99
is_linear=0
shrinkage=0.05


Tree=69
num_leaves=14
num_cat=0
split_feature=2 3 3 0 3 2 2 2 3 3 2 2 3
split_gain=0.165386 0.213227 0.66001 0.505085 0.409568 0.505973 0.858177 0.521313 0.749158 0.509697 0.394593 0.291709 0.116736
threshold=0.45227272727272733 12.500000000000002 3.5000000000000004 16.500000000000004 2.5000000000000004 0.07417582417582419 0.20714285714285716 0.2752525252525253 1.0000000180025095e-35 1.0000000180025095e-35 0.14039408866995076 0.31009615384615391 13.500000000000002
decision_type=2 2 2 2 2 2 2 2 2 2 2 2 2
left_child=1 2 4 12 5 -1 9 -8 11 -7 -4 -9 -3
right_child=-2 3 10 -5 -6 6 7 8 -10 -11 -12 -13 -14
leaf_value=-0.020382228947221956 0.009004416470000989 0.0054933696372779558 -0.036177351616778181 0.020677116593019806 0.013897018857716098 -0.0006772925299873406 -0.020862165130032174 -0.00035525915423661287 0.018019015749080491 0.023758766533598232 -0.0081984857658383044 -0.020747202106978131 -0.0034719706078069853
leaf_weight=3.4863277375698152 4.6521596163511267 5.5878016799688348 2.1113643012940875 3.4857488721609107 4.3688016906380644 3.9168298095464724 4.7474970296025267 3.5900533795356733 3.4936709851026535 4.688234269618988 3.1258089561015368 3.4287255853414536 10.367546632885933
leaf_count=18 21 36 19 23 20 18 39 20 18 29 38 24 69
internal_value=-5.6668e-05 -0.000804093 -0.0030339 0.00343475 -0.000318864 -0.00258955 9.69651e-06 -0.00711027 -0.000899824 0.012636 -0.0194782 -0.0103169 -0.000332174
internal_weight=61.0506 56.3984 36.9573 19.4411 31.7201 27.3513 23.865 15.2599 10.5124 8.60506 5.23717 7.01878 15.9553
internal_count=392 371 243 128 186 166 148 101 62 47 57 44 105
is_linear=0
shrinkage=0.05


Tree=70
num_leaves=12
num_cat=0
split_feature=0 2 0 2 2 2 1 2 3 3 2
split_gain=0.163564 0.744649 0.71879 0.335497 0.26567 0.171069 0.104222 0.239211 0.0158815 0.0116216 0.0949724
threshold=17.500000000000004 0.17752100840336138 15.500000000000002 0.45227272727272733 0.28991596638655465 0.21825396825396828 1.5000000000000002 0.067816091954023008 13.500000000000002 1.0000000180025095e-35 0.14642857142857144
decision_type=2 2 2 2 2 2 2 2 2 2 2
left_child=2 -2 3 4 5 6 7 8 -1 -8 -11
right_child=1 -3 -4 -5 -6 -7 9 -9 -10 10 -12
leaf_value=-0.0052579114487347521 -0.022734550078306898 0.0060913337168984937 0.023882726787147906 0.01369968318340534 -0.012705701293832444 0.0071324843210718416 -0.0041558553448817507 0.0078000595416915777 -0.0020415903073115588 -0.01347387158246827 -0.00033285441006576124
leaf_weight=6.1726169437170073 3.9099665470421296 5.2468299120664597 3.2270296514034262 3.8387858271598807 4.8869728669524184 6.4048378691077223 4.6054832041263563 6.9831254333257666 10.147940397262573 3.0515079274773598 2.5024738311767578
leaf_count=41 33 29 16 17 35 39 25 37 68 25 27
internal_value=-5.69596e-05 -0.00621736 0.00103159 -0.000485914 -0.00170266 -0.000353921 -0.00178682 5.56043e-05 -0.00325804 -0.00601295 -0.00755288
internal_weight=60.9776 9.1568 51.8208 48.5937 44.755 39.868 33.4631 23.3037 16.3206 10.1595 5.55398
internal_count=392 62 330 314 297 262 223 146 109 77 52
is_linear=0
shrinkage=0.05


Tree=71
num_leaves=13
num_cat=0
split_feature=2 2 0 0 1 3 2 2 2 2 3 3
split_gain=0.691377 0.780437 0.176736 0.346331 0.343343 0.36103 0.391801 1.19273 0.383059 0.238571 0.451227 0.025341
threshold=0.51190476190476197 0.4045454545454546 22.500000000000004 18.500000000000004 4.5000000000000009 1.5000000000000002 0.067816091954023008 0.12916666666666668 0.20714285714285716 0.23538461538461541 1.0000000180025095e-35 13.500000000000002
decision_type=2 2 2 2 2 2 2 2 2 2 2 2
left_child=1 2 3 4 5 9 11 -8 -9 10 -1 -7
right_child=-2 -3 -4 -5 -6 6 7 8 -10 -11 -12 -13
leaf_value=0.0046927118968307794 0.023562964303472118 -0.025132243063398424 0.011544317522127909 -0.017046440003527563 0.014609646710002859 -0.0050117183391784068 0.027145848146536335 -0.014404824465578246 0.0093393791826443077 -0.015940947073454916 -0.017374810695877388 -0.00098641717754929066
leaf_weight=6.9502082318067533 2.9484694004058829 3.2319764569401732 3.2055040933191767 2.9985751751810303 3.9408541917800894 6.1525721549987837 5.3054103925824148 4.0038564540445805 2.950178936123848 5.0073941722512236 3.4745250269770622 10.726519986987114
leaf_count=37 13 19 24 23 20 41 29 30 21 31 33 71
internal_value=-5.55331e-05 -0.00125728 0.00015298 -0.00055591 0.000463396 -0.000787388 0.0024875 0.00929062 -0.00433159 -0.00697094 -0.00266231 -0.00245367
internal_weight=60.896 57.9476 54.7156 51.5101 48.5115 44.5707 29.1385 12.2594 6.95404 15.4321 10.4247 16.8791
internal_count=392 379 360 336 313 293 192 80 51 101 70 112
is_linear=0
shrinkage=0.05


Tree=72
num_leaves=13
num_cat=0
split_feature=2 2 0 0 1 3 2 2 2 2 3 3
split_gain=0.620027 0.712595 0.158539 0.315523 0.308781 0.327132 0.352996 1.0674 0.347747 0.218128 0.411666 0.0229947
threshold=0.51190476190476197 0.4045454545454546 22.500000000000004 18.500000000000004 4.5000000000000009 1.5000000000000002 0.067816091954023008 0.12916666666666668 0.20714285714285716 0.23538461538461541 1.0000000180025095e-35 13.500000000000002
decision_type=2 2 2 2 2 2 2 2 2 2 2 2
left_child=1 2 3 4 5 9 11 -8 -9 10 -1 -7
right_child=-2 -3 -4 -5 -6 6 7 8 -10 -11 -12 -13
leaf_value=0.0044497165596868405 0.022232936435410827 -0.024142262888503532 0.010895957629071964 -0.016346369135813162 0.013826800733730214 -0.0047763405381977299 0.025611289246516886 -0.013800332781215188 0.0088378135961821643 -0.015276605197437766 -0.016703606736622162 -0.00093769032988663757
leaf_weight=6.9629310369491559 2.9680885672569266 3.1971859857439986 3.225893933326005 2.9713558722287408 3.9553937166929236 6.1334788799285933 5.3411797136068326 3.9711283892393112 2.9614300951361656 4.9650013595819464 3.4344778582453728 10.719904527068138
leaf_count=37 13 19 24 23 20 41 29 30 21 31 33 71
internal_value=-5.50268e-05 -0.00119876 0.000143697 -0.000530907 0.00043913 -0.000751117 0.00236263 0.00881265 -0.00412984 -0.00665478 -0.00253766 -0.0023347
internal_weight=60.8074 57.8394 54.6422 51.4163 48.4449 44.4895 29.1271 12.2737 6.93256 15.3624 10.3974 16.8534
internal_count=392 379 360 336 313 293 192 80 51 101 70 112
is_linear=0
shrinkage=0.05


Tree=73
num_leaves=12
num_cat=0
split_feature=2 2 2 0 0 0 2 2 2 3 3
split_gain=0.556373 0.650496 0.142476 0.717667 0.533069 0.225995 0.188303 0.157462 0.383316 0.0801561 0.0348226
threshold=0.51190476190476197 0.4045454545454546 0.17752100840336138 17.500000000000004 16.500000000000004 13.500000000000002 0.2752525252525253 0.12916666666666668 0.067816091954023008 1.5000000000000002 13.500000000000002
decision_type=2 2 2 2 2 2 2 2 2 2 2
left_child=1 2 3 7 5 -4 -7 8 10 -9 -1
right_child=-2 -3 4 -5 -6 6 -8 9 -10 -11 -12
leaf_value=-0.0045513719139420273 0.02099096859902708 -0.023185939653871886 -0.01282763113048521 -0.022109673773195199 0.018822421660273043 -0.0069161767864296918 0.0066502960243179131 -0.00030342602266513315 0.012043044411232216 -0.010808580008608891 0.00019192212603840015
leaf_weight=6.1152950078249058 2.9860380142927161 3.1634799763560286 3.1532217115163812 3.8563302662223569 4.4261653125286093 3.7827866934239864 7.8983811438083649 3.5291409641504279 7.532400630414485 3.7402483187615871 10.535746514797211
leaf_count=41 13 19 27 33 25 35 42 20 39 28 70
internal_value=-5.43354e-05 -0.00114283 0.000135042 -0.00175189 0.00359423 -0.00094943 0.00225698 0.000744114 0.00268374 -0.00570854 -0.00155011
internal_weight=60.7192 57.7332 54.5697 35.3092 19.2606 14.8344 11.6812 31.4528 24.1834 7.26939 16.651
internal_count=392 379 360 231 129 104 77 198 150 48 111
is_linear=0
shrinkage=0.05


Tree=74
num_leaves=13
num_cat=0
split_feature=2 2 2 3 2 3 1 1 3 0 0 3
split_gain=0.499516 0.593668 0.148594 0.539618 0.481733 0.492724 0.318056 0.429666 0.386011 0.158392 0.112676 0.123427
threshold=0.51190476190476197 0.4045454545454546 0.048054919908466824 3.5000000000000004 0.097619047619047633 8.5000000000000018 1.5000000000000002 3.5000000000000004 1.0000000180025095e-35 13.500000000000002 13.500000000000002 1.0000000180025095e-35
decision_type=2 2 2 2 2 2 2 2 2 2 2 2
left_child=1 2 9 6 -5 -6 -4 10 -9 -1 -8 -12
right_child=-2 -3 3 4 5 -7 7 8 -10 -11 11 -13
leaf_value=-0.00233563052763769 0.019829398768385888 -0.022262142208165837 0.015111820096796322 -0.021721605144321199 -0.015748314554674302 0.015831411567273978 0.00012420751906926355 -0.0025972987942277734 0.015156804593939407 0.0079650245690742125 -0.0038291967822302662 -0.016220736575728978
leaf_weight=5.909068003296853 3.0024697184562674 3.130863517522811 3.9853155761957195 5.3650934360921365 2.490018779411912 2.4509688541293144 3.8638759329915073 6.0135269463062269 6.2367702797055244 10.129690110683441 3.8703761547803861 4.1797377429902554
leaf_count=40 13 19 18 36 33 18 27 34 29 68 22 35
internal_value=-5.33329e-05 -0.00108929 0.000127153 -0.00155901 -0.0113476 -8.32429e-05 0.00202479 -0.0001336 0.00644152 0.00417001 -0.00689433 -0.0102631
internal_weight=60.6278 57.6253 54.4944 38.4557 10.3061 4.94099 28.1496 24.1643 12.2503 16.0388 11.914 8.05011
internal_count=392 379 360 252 87 51 165 147 63 108 84 57
is_linear=0
shrinkage=0.05


Tree=75
num_leaves=14
num_cat=0
split_feature=2 2 0 0 0 3 3 3 2 2 2 0 3
split_gain=0.448697 0.541648 0.14755 0.299337 0.289443 0.0681732 0.562212 0.461464 0.530149 0.442881 0.233752 0.52171 0.0861793
threshold=0.51190476190476197 0.4045454545454546 22.500000000000004 18.500000000000004 15.500000000000002 4.5000000000000009 12.500000000000002 2.5000000000000004 0.07417582417582419 0.28991596638655465 0.21825396825396828 13.500000000000002 13.500000000000002
decision_type=2 2 2 2 2 2 2 2 2 2 2 2 2
left_child=1 2 3 4 5 7 -7 8 -1 10 11 -10 -8
right_child=-2 -3 -4 -5 -6 6 12 -9 9 -11 -12 -13 -14
leaf_value=-0.020052420390582082 0.018741481459489975 -0.021369824805075766 0.010492394389486868 -0.016025613617841494 0.012582772894271538 -0.023610696126037445 0.0055861361473542488 0.016312976549306069 0.018123858599090086 -0.013497318042004908 0.014360538282842769 -0.0075809329591708169 -0.0021616063268824356
leaf_weight=3.4407951831817689 3.0175210833549491 3.0993361249566069 3.2250435575842848 2.9392439406365147 4.4343103207647792 2.8367958925664434 5.5485312789678565 4.0591916218399993 2.9260836243629473 3.9011456519365302 4.89583995938301 6.0665165409445763 10.163731336593628
leaf_count=18 13 19 24 23 23 29 36 24 14 26 30 45 68
internal_value=-5.263e-05 -0.00103829 0.000119266 -0.000533973 0.000409282 -0.000822076 -0.00312436 0.00086657 -0.00208674 0.00138811 0.00556931 0.000783096 0.000574384
internal_weight=60.5541 57.5366 54.4372 51.2122 48.2729 43.8386 18.5491 25.2896 21.2304 17.7896 13.8884 8.9926 15.7123
internal_count=392 379 360 336 313 290 133 157 133 115 89 59 104
is_linear=0
shrinkage=0.05


Tree=76
num_leaves=14
num_cat=0
split_feature=2 2 2 3 2 0 3 1 1 3 0 0 3
split_gain=0.403237 0.494037 0.135594 0.475616 0.476144 0.81995 0.50598 0.300575 0.389903 0.340611 0.14673 0.0860808 0.119926
threshold=0.51190476190476197 0.4045454545454546 0.048054919908466824 3.5000000000000004 0.18898809523809526 17.500000000000004 12.500000000000002 1.5000000000000002 3.5000000000000004 1.0000000180025095e-35 13.500000000000002 13.500000000000002 1.0000000180025095e-35
decision_type=2 2 2 2 2 2 2 2 2 2 2 2 2
left_child=1 2 10 7 5 6 -5 -4 11 -10 -1 -9 -13
right_child=-2 -3 3 4 -6 -7 -8 8 9 -11 -12 12 -14
leaf_value=-0.0023029737558521294 0.017721235013183449 -0.020508018735206551 0.014590926431230401 -0.021265567455591369 0.009929393298081424 -0.040062845159281713 0.0090585018113920317 -0.00060506187500418852 -0.0024944539494795885 0.014185600843921543 0.0076049001411295754 -0.0033222400863256773 -0.015584479181379354
leaf_weight=5.9067009389400491 3.0313165336847296 3.0688927248120299 3.9753661453723934 2.6616524308919889 2.18724800646305 2.5119723826646805 2.8470688164234161 3.8930006474256533 6.0008197426795942 6.2464129626750946 10.171875849366188 3.8500189781188965 4.136036466807127
leaf_count=40 13 19 18 27 22 24 14 27 34 29 68 22 35
internal_value=-5.21545e-05 -0.000989842 0.000111486 -0.00150588 -0.0107495 -0.0163886 -0.0055932 0.00185186 -0.000247192 0.00601282 0.0039651 -0.00670122 -0.00967294
internal_weight=60.4884 57.4571 54.3882 38.3096 10.2079 8.02069 5.50872 28.1017 24.1263 12.2472 16.0786 11.8791 7.98606
internal_count=392 379 360 252 87 65 41 165 147 63 108 84 57
is_linear=0
shrinkage=0.05


Tree=77
num_leaves=12
num_cat=0
split_feature=2 2 0 0 1 2 2 2 2 3 3
split_gain=0.362557 0.45045 0.140606 0.266115 0.172602 0.228208 0.125224 0.270321 0.135398 0.0675537 0.0224275
threshold=0.51190476190476197 0.4045454545454546 22.500000000000004 17.500000000000004 4.5000000000000009 0.23538461538461541 0.067816091954023008 0.12916666666666668 0.17752100840336138 1.5000000000000002 13.500000000000002
decision_type=2 2 2 2 2 2 2 2 2 2 2
left_child=1 2 3 4 5 6 10 -8 9 -9 -1
right_child=-2 -3 -4 -5 -6 -7 7 8 -10 -11 -12
leaf_value=-0.0041894189264416208 0.016763350124171423 -0.019675811229235219 0.010227890370991574 -0.011862170962739282 0.011732855594104023 -0.008376586383827914 0.011582213831652963 9.9639560392332093e-05 0.0061182739407129759 -0.0095982604246992106 -0.0003821510514746022
leaf_weight=6.0864078849554071 3.0439686179161063 3.0395241305232039 3.2257455065846434 4.7078460790216914 3.2461340278387061 7.1570368558168402 7.4783717840909985 3.5115539878606779 4.6109277307987213 3.6749598309397697 10.612744301557541
leaf_count=41 13 19 24 33 17 44 39 20 44 28 70
internal_value=-5.20953e-05 -0.00094459 0.000103692 -0.000535585 0.000614177 -0.00022262 0.00139957 0.00414528 -0.000568972 -0.00485957 -0.0017698
internal_weight=60.3952 57.3513 54.3117 51.086 46.3781 43.132 35.975 19.2758 11.7974 7.18651 16.6992
internal_count=392 379 360 336 303 286 242 131 92 48 111
is_linear=0
shrinkage=0.05


Tree=78
num_leaves=14
num_cat=0
split_feature=2 2 3 3 0 2 3 2 2 2 1 3 3
split_gain=0.326022 0.41068 0.131383 0.679771 0.565798 0.40489 0.212151 0.590495 0.592915 0.682252 0.577863 0.538663 0.117021
threshold=0.51190476190476197 0.4045454545454546 12.500000000000002 3.5000000000000004 16.500000000000004 0.14039408866995076 2.5000000000000004 0.07417582417582419 0.20714285714285716 0.2752525252525253 4.5000000000000009 1.0000000180025095e-35 13.500000000000002
decision_type=2 2 2 2 2 2 2 2 2 2 2 2 2
left_child=1 2 3 6 12 -5 7 -1 11 -10 -11 -9 -4
right_child=-2 -3 4 5 -6 -7 -8 8 9 10 -12 -13 -14
leaf_value=-0.019893029875453903 0.015863067331437081 -0.018872355336619809 0.0053088066080680856 -0.035615625223143925 0.021877352043667447 -0.0069644814379871273 0.011391048906086158 -0.00089393734627488 -0.019614522003874663 -0.0072091286762186943 0.018449175208242557 0.02436441587409206 -0.0036825938060416558
leaf_weight=3.4263645857572618 3.0555793344974509 3.0112174227833739 5.5508815199136743 2.0726299881935111 3.4132813811302176 3.0441889893263578 4.3282268419861785 3.9017099663615245 4.6431995630264273 5.0136032328009588 3.9023546576499939 4.5986283458769321 10.395788758993149
leaf_count=18 13 19 36 19 23 38 20 18 39 31 20 29 69
internal_value=-5.04296e-05 -0.000899002 9.78819e-05 -0.00173327 0.0034018 -0.01857 0.00115632 -0.000581828 0.00241766 -0.00407272 0.00402105 0.0127707 -0.000552774
internal_weight=60.3577 57.3021 54.2909 34.9309 19.36 5.11682 29.8141 25.4859 22.0595 13.5592 8.91596 8.50034 15.9467
internal_count=392 379 360 232 128 57 175 155 137 90 51 47 105
is_linear=0
shrinkage=0.05


Tree=79
num_leaves=12
num_cat=0
split_feature=1 2 0 0 2 2 3 3 1 3 0
split_gain=0.309433 0.21453 0.70253 0.633566 0.155283 0.203693 0.133245 0.255774 0.190255 0.00248924 0.00102876
threshold=7.5000000000000009 0.17752100840336138 19.500000000000004 17.500000000000004 0.31789473684210529 0.23538461538461541 4.5000000000000009 1.5000000000000002 1.0000000180025095e-35 1.0000000180025095e-35 13.500000000000002
decision_type=2 2 2 2 2 2 2 2 2 2 2
left_child=1 3 4 6 5 -3 7 -1 10 -7 -8
right_child=-2 2 -4 -5 -6 9 8 -9 -10 -11 -12
leaf_value=-0.002726026102655538 -0.014886436815883655 0.0064617831112066832 0.027776442635545757 -0.020993918210516143 0.0076356258423741843 -0.0075957882458918824 0.00041210725520787137 0.011522866919937608 -0.010357623242115083 -0.0058459634536033849 0.0013549393579034678
leaf_weight=6.0518431365489977 3.3211658895015708 4.5899944454431596 2.8657962977886191 3.7632930148392907 6.3081625029444686 4.0289764031767827 4.143858253955842 6.5669699274003506 4.956697665154933 4.1014293655753136 9.5865802764892578
leaf_count=32 17 44 15 33 38 23 30 37 35 24 64
internal_value=-5.09005e-05 0.00081406 0.00469746 -0.00161042 0.00122165 -0.0019591 0.000719677 0.00468926 -0.00196085 -0.00671308 0.00107039
internal_weight=60.2848 56.9636 21.8944 35.0692 19.0286 12.7204 31.3059 12.6188 18.6871 8.13041 13.7304
internal_count=392 375 144 231 129 91 198 69 129 47 94
is_linear=0
shrinkage=0.05


Tree=80
num_leaves=14
num_cat=0
split_feature=2 2 3 3 0 2 2 3 1 3 0 3 2
split_gain=0.312836 0.378286 0.132804 0.603316 0.54679 0.373247 0.195804 0.907179 0.443034 0.469594 0.17135 0.109064 0.0214894
threshold=0.51190476190476197 0.4045454545454546 12.500000000000002 3.5000000000000004 16.500000000000004 0.14039408866995076 0.25833333333333336 1.0000000180025095e-35 2.5000000000000004 1.0000000180025095e-35 13.500000000000002 13.500000000000002 0.14039408866995076
decision_type=2 2 2 2 2 2 2 2 2 2 2 2 2
left_child=1 2 3 6 11 -5 8 -8 10 -10 -1 -4 -12
right_child=-2 -3 4 5 -6 -7 7 -9 9 -11 12 -13 -14
leaf_value=0.010049106905704958 0.015531672621920534 -0.018205055664715489 0.0051466543397903804 -0.034476687165280358 0.021531419842454855 -0.0066842332447809285 -0.0074029993104820077 0.021215944923467102 -0.00056153007254183427 -0.028886393757803098 0.00093637935650800344 -0.0035292118008035203 -0.0043635030687708331
leaf_weight=5.1776134669780784 3.0579732656478873 2.9870783761143676 5.5655414462089547 2.010565197095274 3.4205636456608763 3.0265195593237877 5.8293896019458753 5.2744210809469223 3.1946571022272101 2.6999727748334408 3.8029496073722839 10.375096812844276 3.8478652238845825
leaf_count=27 13 19 36 19 23 38 36 24 21 27 18 69 22
internal_value=-4.96559e-05 -0.000882472 7.17696e-05 -0.0017722 0.00339223 -0.0177777 0.000930762 0.00619129 -0.00218902 -0.0135354 0.00302463 -0.000500105 -0.00172912
internal_weight=60.2702 57.2122 54.2252 34.864 19.3612 5.03708 29.8269 11.1038 18.7231 5.89463 12.8284 15.9406 7.65081
internal_count=392 379 360 232 128 57 175 60 115 48 67 105 40
is_linear=0
shrinkage=0.05


Tree=81
num_leaves=12
num_cat=0
split_feature=1 2 0 0 2 2 2 2 3 3 3
split_gain=0.293934 0.201149 0.632176 0.608751 0.14492 0.208428 0.130795 0.380952 0.0745849 0.0306222 0.000246657
threshold=7.5000000000000009 0.17752100840336138 19.500000000000004 17.500000000000004 0.31789473684210529 0.23538461538461541 0.12916666666666668 0.067816091954023008 1.5000000000000002 13.500000000000002 1.0000000180025095e-35
decision_type=2 2 2 2 2 2 2 2 2 2 2
left_child=1 3 4 6 5 -3 7 9 -8 -1 -7
right_child=-2 2 -4 -5 -6 10 8 -9 -10 -11 -12
leaf_value=-0.0045140513565825411 -0.01454591059859537 0.006691620029199298 0.026349160513466443 -0.020640874928879928 0.0074322562210943875 -0.0069384706484717567 1.8011042969784643e-05 0.011942400870858029 -0.010157605172723207 -6.7473212556986846e-05 -0.0063866993048683615
leaf_weight=6.1104043275117954 3.3047851100563994 4.5732338726520601 2.8878869265317908 3.7333038579672566 6.3073139116168013 4.0026741400361043 3.5196887329220763 7.3874171972274771 3.6874814331531525 10.569095566868782 4.1001848354935646
leaf_count=41 17 44 15 33 38 23 20 39 28 70 24
internal_value=-4.95225e-05 0.000792752 0.00455456 -0.00155749 0.00123902 -0.00184258 0.000720568 0.00249004 -0.00518825 -0.00169644 -0.00665926
internal_weight=60.1835 56.8787 21.8713 35.0074 18.9834 12.6761 31.2741 24.0669 7.20717 16.6795 8.10286
internal_count=392 375 144 231 129 91 198 150 48 111 47
is_linear=0
shrinkage=0.05


Tree=82
num_leaves=13
num_cat=0
split_feature=2 2 2 0 2 2 3 1 0 0 2 2
split_gain=0.300151 0.348496 0.134452 0.403134 2.1635 0.152318 0.401158 0.175906 0.143482 0.098439 0.190235 0.0671082
threshold=0.51190476190476197 0.4045454545454546 0.048054919908466824 17.500000000000004 0.17752100840336138 0.12916666666666668 3.5000000000000004 4.5000000000000009 13.500000000000002 13.500000000000002 0.2752525252525253 0.19615384615384621
decision_type=2 2 2 2 2 2 2 2 2 2 2 2
left_child=1 2 8 5 -5 6 -4 9 -1 -7 11 -11
right_child=-2 -3 3 4 -6 7 -8 -9 -10 10 -12 -13
leaf_value=-0.0023216393428940078 0.015207311421191243 -0.017560571287208608 0.017593347278997789 -0.044093878691025185 0.011071321894522687 -0.0088007879866303235 -0.0040218770818015179 0.0093997271421654548 0.0074737244489185076 -0.0019614640952954933 0.0070721516408457216 -0.011165938684516326
leaf_weight=5.9057985842227945 3.0601467788219443 2.9637286514043799 4.2153584808111209 3.0685699991881838 4.2236995622515678 5.4306463636457982 4.3736518919467926 3.2956697642803183 10.187206923961639 5.4402309320867044 4.8646104335784903 3.1135789640247822
leaf_count=40 13 19 19 29 24 41 27 17 68 38 26 31
internal_value=-4.82737e-05 -0.00086611 4.81318e-05 -0.00157314 -0.0121421 0.000934569 0.00658655 -0.0012576 0.00387903 -0.00312098 -0.000822272 -0.00531188
internal_weight=60.1429 57.0828 54.119 38.026 7.29227 30.7337 8.58901 22.1447 16.093 18.8491 13.4184 8.55381
internal_count=392 379 360 252 53 199 46 153 108 136 95 69
is_linear=0
shrinkage=0.05


Tree=83
num_leaves=13
num_cat=0
split_feature=1 0 1 3 0 2 3 3 3 1 2 0
split_gain=0.282395 0.210905 0.490084 0.425732 0.110139 0.177629 0.0790277 0.307313 0.422628 0.298599 0.0340354 0.000434998
threshold=7.5000000000000009 15.500000000000002 2.5000000000000004 2.5000000000000004 12.500000000000002 0.34523809523809529 4.5000000000000009 1.5000000000000002 1.0000000180025095e-35 1.0000000180025095e-35 0.21825396825396828 13.500000000000002
decision_type=2 2 2 2 2 2 2 2 2 2 2 2
left_child=1 4 -3 -4 -1 6 7 8 10 11 -6 -8
right_child=-2 2 3 -5 5 -7 9 -9 -10 -11 -12 -13
leaf_value=0.0073504788940584173 -0.014283338891117468 0.023437726987387195 0.010711792853924993 -0.013517916727051112 7.3720053297998155e-05 -0.012057631140930445 0.0004763352345965627 0.010328482104840546 -0.017773400800107454 -0.01372343332100151 0.0060063117046419805 0.0010892989775787563
leaf_weight=3.9080491438508025 3.2930128425359717 3.2137286476790887 4.1130781024694443 3.2418321631848812 5.8138742446899432 3.5926937311887732 4.1403190791606912 6.8581383749842635 3.4472279623150817 4.673496037721633 4.138490691781044 9.6183481216430664
leaf_count=24 17 22 21 26 30 23 30 39 33 39 24 64
internal_value=-4.84005e-05 0.00077747 0.00714928 3.20362e-05 -0.000680429 -0.0014227 -0.000435155 0.00172037 -0.0026854 -0.00280417 0.00254067 0.000904843
internal_weight=60.0523 56.7593 10.5686 7.35491 46.1906 42.2826 38.6899 20.2577 13.3996 18.4322 9.95236 13.7587
internal_count=392 375 69 47 306 282 259 126 87 133 54 94
is_linear=0
shrinkage=0.05


Tree=84
num_leaves=14
num_cat=0
split_feature=2 0 1 0 3 3 3 2 3 3 2 3 3
split_gain=0.291074 0.335167 0.230028 0.535333 0.529983 0.64162 0.25231 0.466964 0.468152 0.445037 0.135487 0.05497 0.00237781
threshold=0.51190476190476197 8.5000000000000018 2.5000000000000004 15.500000000000002 2.5000000000000004 10.500000000000002 3.5000000000000004 0.25833333333333336 1.0000000180025095e-35 1.0000000180025095e-35 0.31789473684210529 13.500000000000002 1.0000000180025095e-35
decision_type=2 2 2 2 2 2 2 2 2 2 2 2 2
left_child=1 -1 3 4 12 -6 7 9 10 -4 -9 -7 -3
right_child=-2 2 6 -5 5 11 -8 8 -10 -11 -12 -13 -14
leaf_value=-0.016971218371857187 0.014972088619464963 0.0098991963827786481 -0.00067917686574051842 0.022005447782597189 -0.025225403085652888 0.0034502901795055692 -0.01617847696744348 0.0024185865208646243 0.014559226463089723 -0.028401099038292618 -0.0114049822271244 -0.0024343250744712371 0.01153815632849787
leaf_weight=3.0530104935169211 3.0612523704767218 4.2792692333459907 3.1925684437155786 3.2507703080773345 3.0096673555672195 6.4960505366325387 3.4993138425052157 3.4285926371812803 5.6507777571678162 2.648958582431078 3.6697772368788719 10.199632346630096 4.5831329822540283
leaf_count=19 13 19 21 22 27 43 36 19 27 27 24 68 27
internal_value=-4.7395e-05 -0.000854579 5.81576e-05 0.00277954 0.000591793 -0.00397537 -0.00386173 -0.00154336 0.00382061 -0.0132502 -0.00472804 -0.000144706 0.0107468
internal_weight=60.0228 56.9615 53.9085 31.8185 28.5678 19.7054 22.09 18.5907 12.7491 5.84153 7.09837 16.6957 8.8624
internal_count=392 379 360 206 184 138 154 118 70 48 43 111 46
is_linear=0
shrinkage=0.05


Tree=85
num_leaves=12
num_cat=0
split_feature=1 2 0 0 2 2 2 2 3 3 3
split_gain=0.271525 0.191306 0.557243 0.516322 0.146475 0.242275 0.11314 0.338012 0.0650758 0.0223272 5.38267e-05
threshold=7.5000000000000009 0.17752100840336138 19.500000000000004 17.500000000000004 0.31789473684210529 0.23538461538461541 0.12916666666666668 0.067816091954023008 1.5000000000000002 13.500000000000002 1.0000000180025095e-35
decision_type=2 2 2 2 2 2 2 2 2 2 2
left_child=1 3 4 6 5 -3 7 9 -8 -1 -7
right_child=-2 2 -4 -5 -6 10 8 -9 -10 -11 -12
leaf_value=-0.004167156000333838 -0.01403558962125891 0.0074596164819169157 0.024812524331392426 -0.01936690575358526 0.0075370193445108043 -0.007123060226044817 -0.00011820728421277464 0.011105002952018833 -0.009644458328111661 -0.00036767411695154731 -0.0068650042375018594
leaf_weight=6.0851864963769993 3.2792968899011603 4.5218722820282045 2.9078720510005942 3.6359721571207038 6.2824133262038222 4.004291929304598 3.5200563371181479 7.3675095960497847 3.6533500999212265 10.605202257633209 4.0793515257537365
leaf_count=41 17 44 15 33 38 23 20 39 28 70 24
internal_value=-4.72098e-05 0.000762348 0.00443692 -0.00153465 0.00130001 -0.00180843 0.000541391 0.00218469 -0.00496984 -0.00175294 -0.00699283
internal_weight=59.9424 56.6631 21.7958 34.8673 18.8879 12.6055 31.2313 24.0579 7.17341 16.6904 8.08364
internal_count=392 375 144 231 129 91 198 150 48 111 47
is_linear=0
shrinkage=0.05


Tree=86
num_leaves=13
num_cat=0
split_feature=2 0 1 2 0 2 0 3 3 3 3 3
split_gain=0.279131 0.302924 0.219749 0.171904 0.494492 0.432337 0.527546 0.267392 0.689946 0.19396 0.106359 0.0602963
threshold=0.51190476190476197 8.5000000000000018 5.5000000000000009 0.17752100840336138 17.500000000000004 0.23538461538461541 15.500000000000002 2.5000000000000004 10.500000000000002 1.0000000180025095e-35 13.500000000000002 1.0000000180025095e-35
decision_type=2 2 2 2 2 2 2 2 2 2 2 2
left_child=1 -1 3 4 7 6 -5 9 -9 -3 -10 -7
right_child=-2 2 -4 5 -6 11 -8 8 10 -11 -12 -13
leaf_value=-0.016239196904476769 0.014656827662720504 0.00022938595580376301 -0.010908762289787653 0.0043236437396278271 -0.018643241213341051 -0.0048539814469827618 0.034275461109685809 -0.024412504835529591 0.0065631886268705661 0.014991186952306083 -0.0014405364631191271 0.00283590205923436
leaf_weight=3.0230447947978965 3.0630559623241416 4.1121407896280306 4.232623539865016 3.9667078033089664 3.5894611310213795 5.4001314640045148 2.3358125761151314 2.9720477461814907 6.7483764886856088 4.8493988290429115 10.783387064933777 4.8283410593867302
leaf_count=19 13 18 30 40 33 30 13 27 44 28 71 26
internal_value=-4.59627e-05 -0.000838262 2.68265e-05 0.000960284 -0.00112165 0.00512324 0.0154243 0.00101283 -0.0021361 0.00821751 0.00164028 -0.00122398
internal_weight=59.9045 56.8415 53.8184 49.5858 33.0548 16.531 6.30252 29.4654 20.5038 8.96154 17.5318 10.2285
internal_count=392 379 360 330 221 109 53 188 142 46 115 56
is_linear=0
shrinkage=0.05


Tree=87
num_leaves=12
num_cat=0
split_feature=1 0 3 0 2 1 3 3 1 1 0
split_gain=0.259832 0.186167 0.47952 0.129396 0.162314 0.0740121 0.106088 0.140411 0.158544 0.0336976 0.00137986
threshold=7.5000000000000009 15.500000000000002 5.5000000000000009 12.500000000000002 0.34523809523809529 3.5000000000000004 1.5000000000000002 4.5000000000000009 1.0000000180025095e-35 2.5000000000000004 13.500000000000002
decision_type=2 2 2 2 2 2 2 2 2 2 2
left_child=1 3 -3 -1 5 6 9 -8 10 -5 -9
right_child=-2 2 -4 4 -6 -7 7 8 -10 -11 -12
leaf_value=0.0081278168044884615 -0.013760290510533749 -0.001737343263195157 0.020154197822963456 -0.0038549855321500129 -0.011635473411989712 0.0044036898699910936 0.0078042862813076236 0.00015885811955078762 -0.01008120977480194 -0.010269715419705538 0.0012492902730021089
leaf_weight=3.8668191805481902 3.2651020139455786 6.4601221773773414 4.0821223892271519 6.0833581089973432 3.5658438876271239 6.4464755170047274 4.952670723199847 4.1578540205955514 4.2985042557120314 3.0857993587851524 9.5991992950439453
leaf_count=24 17 38 31 32 23 37 30 30 35 31 64
internal_value=-4.55101e-05 0.000745676 0.0067394 -0.000626276 -0.00142862 -0.000486296 -0.00146596 0.000346425 -0.00169928 -0.00601381 0.000919724
internal_weight=59.8639 56.5988 10.5422 46.0565 42.1897 38.6239 32.1774 23.0082 18.0556 9.16916 13.7571
internal_count=392 375 69 306 282 259 222 159 129 63 94
is_linear=0
shrinkage=0.05


Tree=88
num_leaves=14
num_cat=0
split_feature=2 0 1 0 3 3 3 1 2 1 3 0 3
split_gain=0.270333 0.289072 0.212404 0.506988 0.434608 0.547154 0.243548 0.363409 0.274719 0.239101 0.0459663 0.0014138 0.000276743
threshold=0.51190476190476197 8.5000000000000018 2.5000000000000004 15.500000000000002 2.5000000000000004 10.500000000000002 1.5000000000000002 4.5000000000000009 0.2752525252525253 4.5000000000000009 13.500000000000002 15.500000000000002 1.0000000180025095e-35
decision_type=2 2 2 2 2 2 2 2 2 2 2 2 2
left_child=1 -1 3 4 12 -6 8 -8 11 -10 -7 -4 -3
right_child=-2 2 6 -5 5 10 7 -9 9 -11 -12 -13 -14
leaf_value=-0.015903445828840991 0.014422747641900178 0.0093633849977187347 -0.0098290053730657155 0.021328275059751021 -0.023572909372068542 0.0031203370017771972 -0.0021518608730687712 -0.025234971089776421 -0.0042183951873281814 0.011838465898203844 -0.0022582779248238954 -0.0081965697375006828 0.0099208690525966689
leaf_weight=3.0099401772022238 3.0638868063688269 4.2865967303514534 3.0635329671204117 3.2549253553152075 2.9336468726396587 6.5156854093074807 4.2682827021926633 2.839350238442421 4.0367047637701017 5.4468172788619995 10.176091432571411 2.3390005007386208 4.6312708333134651
leaf_count=19 13 19 31 22 27 43 36 19 24 31 68 13 27
internal_value=-4.41457e-05 -0.000824489 1.92583e-05 0.00263226 0.000500271 -0.00365872 -0.0037586 -0.0113731 -0.000122915 0.00500379 -0.000158719 -0.00912225 0.0096529
internal_weight=59.8657 56.8018 53.7919 31.7982 28.5433 19.6254 21.9937 7.10763 14.8861 9.48352 16.6918 5.40253 8.91787
internal_count=392 379 360 206 184 138 154 55 99 55 111 44 46
is_linear=0
shrinkage=0.05


Tree=89
num_leaves=12
num_cat=0
split_feature=1 2 0 0 2 2 2 2 3 3 3
split_gain=0.248721 0.185631 0.48883 0.471977 0.13621 0.226811 0.113275 0.30557 0.0565717 0.0208841 2.43955e-05
threshold=7.5000000000000009 0.17752100840336138 17.500000000000004 19.500000000000004 0.31789473684210529 0.23538461538461541 0.12916666666666668 0.067816091954023008 1.5000000000000002 13.500000000000002 1.0000000180025095e-35
decision_type=2 2 2 2 2 2 2 2 2 2 2
left_child=1 2 6 4 5 -3 7 9 -8 -1 -7
right_child=-2 3 -4 -5 -6 10 8 -9 -10 -11 -12
leaf_value=-0.0039596500182992244 -0.013495829089695981 0.0073970159800336738 -0.018963656838698814 0.022986133593835278 0.0074585929291702685 -0.0065072559670617276 -0.00053993446981222585 0.010613323877716598 -0.0094274058603692132 -0.00028187736924286977 -0.0066813644037920939
leaf_weight=6.0741075128316959 3.2494099065661421 4.5240007191896501 3.6070425771176806 2.9386129081249228 6.2757116183638564 3.9763429090380651 3.5363767370581618 7.3545632287859908 3.6269031800329685 10.589258968830109 4.0724671892821789
leaf_count=41 17 44 33 15 38 23 20 39 28 70 24
internal_value=-4.3511e-05 0.000729124 -0.00153742 0.0043482 0.00144241 -0.00156056 0.000478444 0.00212425 -0.00503983 -0.00162249 -0.00659535
internal_weight=59.8248 56.5754 34.7883 21.7871 18.8485 12.5728 31.1812 24.0179 7.16328 16.6634 8.04881
internal_count=392 375 231 144 129 91 198 150 48 111 47
is_linear=0
shrinkage=0.05


Tree=90
num_leaves=13
num_cat=0
split_feature=2 2 0 0 0 3 2 3 3 2 2 3
split_gain=0.259112 0.270919 0.141431 0.275845 0.135891 0.539261 0.130296 0.342621 0.633923 0.335044 0.337195 0.0126063
threshold=0.51190476190476197 0.4045454545454546 22.500000000000004 17.500000000000004 13.500000000000002 2.5000000000000004 0.2752525252525253 1.5000000000000002 1.0000000180025095e-35 0.067816091954023008 0.12916666666666668 1.0000000180025095e-35
decision_type=2 2 2 2 2 2 2 2 2 2 2 2
left_child=1 2 3 4 5 11 7 8 -6 -9 -11 -1
right_child=-2 -3 -4 -5 6 -7 -8 9 -10 10 -12 -13
leaf_value=-0.015411474747184401 0.014117053059328319 -0.015713713975082651 0.010259629383012057 -0.012260257232260527 0.0031602818894391222 0.0072985422346158639 0.0076933396255770073 -0.0014033027784892439 -0.026891073597683626 0.022418279075548463 0.00053371351543665799 -0.011100118140623401
leaf_weight=3.6785324811935407 3.0653506070375434 2.8927731439471236 3.1580134145915499 4.6440801806747904 4.4602458626031902 5.8143326379358768 8.1504048034548742 10.772694736719133 2.8932223133742809 3.9150154069066039 3.1978305019438267 3.1451765671372414
leaf_count=25 13 19 24 33 24 43 43 71 27 21 28 21
internal_value=-4.23576e-05 -0.000807551 -6.50139e-06 -0.00064632 0.000525504 -0.00389042 0.00219695 0.000422008 -0.00866342 0.0041574 0.0125793 -0.0134243
internal_weight=59.7877 56.7223 53.8295 50.6715 46.0275 12.638 33.3894 25.239 7.35347 17.8855 7.11285 6.82371
internal_count=392 379 360 336 303 89 214 171 51 120 49 46
is_linear=0
shrinkage=0.05


Tree=91
num_leaves=12
num_cat=0
split_feature=1 2 0 0 2 2 3 3 1 3 0
split_gain=0.239547 0.174564 0.444949 0.442173 0.109652 0.109747 0.10054 0.277187 0.168908 0.0573593 0.00282507
threshold=7.5000000000000009 0.17752100840336138 16.500000000000004 17.500000000000004 0.23538461538461541 0.31789473684210529 4.5000000000000009 1.5000000000000002 1.0000000180025095e-35 1.0000000180025095e-35 13.500000000000002
decision_type=2 2 2 2 2 2 2 2 2 2 2
left_child=1 3 4 6 -3 9 7 -1 10 -6 -8
right_child=-2 2 -4 -5 5 -7 8 -9 -10 -11 -12
leaf_value=-0.0038033941649300417 -0.01326609043950841 0.007444569982572014 0.018843290214956027 -0.018185600431746132 -0.010303433658065023 0.0033584384536001575 -0.00017201545364899009 0.011065839469845835 -0.0099483677390216109 -0.0012737445092644742 0.0013862428260545696
leaf_weight=6.0661672651767748 3.2387405037879935 4.5202386416494909 4.2012010291218749 3.5575214624404898 3.5522188320755941 6.0325345247983932 4.176238328218461 6.4848714470863342 4.8378326818346968 3.4833549112081528 9.5828447341918945
leaf_count=32 17 44 22 33 21 37 30 37 35 20 64
internal_value=-4.17973e-05 0.000716324 0.00422398 -0.00148593 0.000731972 -0.00158991 0.0004214 0.00387924 -0.00191229 -0.00583278 0.000913271
internal_weight=59.7338 56.495 21.7895 34.7055 17.5883 13.0681 31.148 12.551 18.5969 7.03557 13.7591
internal_count=392 375 144 231 122 78 198 69 129 41 94
is_linear=0
shrinkage=0.05


Tree=92
num_leaves=14
num_cat=0
split_feature=2 2 3 0 3 2 3 2 2 2 2 3 3
split_gain=0.250165 0.245465 0.136565 0.598805 0.442317 0.368333 0.195393 0.578181 0.487077 0.628612 0.488211 0.423817 0.0882423
threshold=0.51190476190476197 0.4045454545454546 12.500000000000002 16.500000000000004 3.5000000000000004 0.14039408866995076 2.5000000000000004 0.07417582417582419 0.20714285714285716 0.2752525252525253 0.28991596638655465 1.0000000180025095e-35 13.500000000000002
decision_type=2 2 2 2 2 2 2 2 2 2 2 2 2
left_child=1 2 4 12 6 -6 7 -1 11 -10 -11 -9 -4
right_child=-2 -3 3 -5 5 -7 -8 8 9 10 -12 -13 -14
leaf_value=-0.020511411131913036 0.013868954051947942 -0.015043728762616582 0.0043570028342269371 0.022553796467522112 -0.032963495862957194 -0.0047362868732647567 0.010230162392734932 -0.0011512232763643336 -0.019342890850314754 0.016906225857307541 -0.006766438858867122 0.021237172046670787 -0.0034342987890249132
leaf_weight=3.3936652988195481 3.0664633810520163 2.8689585030078879 5.5979821383953103 3.3492662757635108 1.9182903394103039 2.9071519337594509 4.293243668973445 3.8894758597016352 4.564717646688222 3.8437653183937055 5.0256239399313927 4.6303202919661999 10.358865439891815
leaf_count=18 13 19 36 23 19 38 20 18 39 20 31 29 69
internal_value=-4.0666e-05 -0.000793709 -3.34165e-05 0.00333333 -0.00191928 -0.0159576 0.000366121 -0.0013046 0.00166442 -0.00426652 0.00349269 0.0110164 -0.000700954
internal_weight=59.7078 56.6413 53.7724 19.3061 34.4663 4.82544 29.6408 25.3476 21.9539 13.4341 8.86939 8.5198 15.9568
internal_count=392 379 360 128 232 57 175 155 137 90 51 47 105
is_linear=0
shrinkage=0.05


Tree=93
num_leaves=13
num_cat=0
split_feature=1 2 2 2 0 0 2 3 3 1 0 3
split_gain=0.228848 0.164242 0.456566 0.411102 0.375989 0.365618 0.245269 0.210299 0.122451 0.325013 0.130871 0.0769879
threshold=7.5000000000000009 0.17752100840336138 0.12916666666666668 0.23538461538461541 15.500000000000002 15.500000000000002 0.31789473684210529 1.5000000000000002 2.5000000000000004 1.0000000180025095e-35 13.500000000000002 1.0000000180025095e-35
decision_type=2 2 2 2 2 2 2 2 2 2 2 2
left_child=1 2 5 4 -3 8 11 -4 -1 10 -10 -5
right_child=-2 3 7 6 -6 -7 -8 -9 9 -11 -12 -13
leaf_value=-0.0080904591677018294 -0.012995123666883336 0.0053287751671042861 -0.0029270956172590314 -0.010472320813960467 0.030508213801938324 0.017027012936070653 0.0073491673212782065 -0.019005228090887456 0.011608083247858267 -0.010742938968265016 0.0014905129363218474 -0.0012905864018070291
leaf_weight=4.3216829001903596 3.2251078933477393 3.9126108400523689 3.7111920341849309 4.1959314420819265 2.3871545568108559 3.4147546198219052 6.2648573517799369 4.4996684305369854 4.7987892329692849 4.3404900059103957 9.5704174041748047 5.0078355856239796
leaf_count=22 17 40 22 24 13 24 38 39 33 27 64 29
internal_value=-4.12024e-05 0.000699205 -0.00143872 0.00410295 0.01487 0.001759 -0.000282035 -0.0117381 -0.000504722 0.00124748 0.00486941 -0.00547647
internal_weight=59.6505 56.4254 34.657 21.7684 6.29977 26.4461 15.4686 8.21086 23.0314 18.7097 14.3692 9.20377
internal_count=392 375 231 144 53 170 91 61 146 124 97 53
is_linear=0
shrinkage=0.05


Tree=94
num_leaves=13
num_cat=0
split_feature=2 0 0 3 2 0 3 1 2 2 3 3
split_gain=0.239797 0.31588 0.276308 0.129986 0.478995 0.379382 0.362584 0.42762 0.23125 0.0696956 0.0331285 0.0171044
threshold=0.51190476190476197 24.500000000000004 8.5000000000000018 8.5000000000000018 0.067816091954023008 17.500000000000004 2.5000000000000004 2.5000000000000004 0.2752525252525253 0.31009615384615391 13.500000000000002 1.0000000180025095e-35
decision_type=2 2 2 2 2 2 2 2 2 2 2 2
left_child=1 2 -1 5 10 6 7 11 -9 -10 -5 -4
right_child=-2 -3 3 4 -6 -7 -8 8 9 -11 -12 -13
leaf_value=-0.014758659999057094 0.013574856974377603 -0.016769961888805193 0.009606568405941214 -0.0036676144085504916 0.018774632228468036 -0.016016340628767767 -0.012037417881989315 -0.011858641818967008 0.006766611825031796 -0.0018775713129417144 0.0014576211888618035 0.013941876670417878
leaf_weight=2.9587226659059516 3.0675733983516684 2.9283236078917971 4.2834815084934323 4.4038529694080362 4.3516430109739295 3.7322240490466347 4.4645784720778456 4.1857796572148791 4.4966164976358396 4.8436027616262436 11.099849686026573 4.8524876981973648
leaf_count=19 13 22 19 31 28 25 39 39 25 30 74 28
internal_value=-4.06542e-05 -0.000778565 9.39063e-05 0.000960423 0.00411618 -0.00107008 0.000986316 0.00355209 -0.00209264 0.00228396 1.78935e-06 0.0119092
internal_weight=59.6687 56.6012 53.6728 50.7141 19.8553 30.8588 27.1265 22.662 13.526 9.34022 15.5037 9.13597
internal_count=392 379 357 338 133 205 180 141 94 55 105 47
is_linear=0
shrinkage=0.05


Tree=95
num_leaves=12
num_cat=0
split_feature=1 2 0 0 2 2 2 2 3 3 3
split_gain=0.216868 0.171289 0.440344 0.391945 0.116287 0.106112 0.289494 0.103761 0.0561779 0.0546235 0.0235878
threshold=7.5000000000000009 0.17752100840336138 17.500000000000004 16.500000000000004 0.23538461538461541 0.12916666666666668 0.067816091954023008 0.31789473684210529 1.5000000000000002 1.0000000180025095e-35 13.500000000000002
decision_type=2 2 2 2 2 2 2 2 2 2 2
left_child=1 2 5 4 -3 6 10 9 -7 -6 -1
right_child=-2 3 -4 -5 7 8 -8 -9 -10 -11 -12
leaf_value=-0.0041225474478338671 -0.012683685314815922 0.0077988737447063188 -0.018186870721746521 0.017844213278185198 -0.01003220896295139 -0.0004672570675644903 0.010294702824189176 0.0032892771921392292 -0.0093344819237793815 -0.0012101872404083433 -0.00021615484115120842
leaf_weight=6.0886945724487385 3.2089461982250205 4.4978855997324052 3.5500792562961569 4.2164695113897315 3.5370994880795461 3.5349930897355071 7.303777649998664 6.0243423208594322 3.6106101907789707 3.4818233251571655 10.577836483716965
leaf_count=41 17 44 33 22 21 20 39 37 28 20 70
internal_value=-3.99615e-05 0.000679117 -0.0015034 0.00415648 0.000866283 0.00040005 0.00199425 -0.00152438 -0.00494779 -0.00565594 -0.00164326
internal_weight=59.6326 56.4236 34.666 21.7576 17.5412 31.1159 23.9703 13.0433 7.1456 7.01892 16.6665
internal_count=392 375 231 144 122 198 150 78 48 41 111
is_linear=0
shrinkage=0.05


Tree=96
num_leaves=13
num_cat=0
split_feature=2 0 3 2 0 0 3 1 2 2 3 3
split_gain=0.231403 0.279201 0.192754 0.418338 0.30416 0.235093 0.326277 0.382454 0.222524 0.0699279 0.0281614 0.0159905
threshold=0.51190476190476197 24.500000000000004 8.5000000000000018 0.067816091954023008 17.500000000000004 8.5000000000000018 2.5000000000000004 2.5000000000000004 0.2752525252525253 0.31009615384615391 13.500000000000002 1.0000000180025095e-35
decision_type=2 2 2 2 2 2 2 2 2 2 2 2
left_child=1 2 4 10 5 -1 7 11 -9 -10 -4 -7
right_child=-2 -3 3 -5 -6 6 -8 8 9 -11 -12 -13
leaf_value=-0.014035508208714088 0.013333659996299548 -0.01591469721312198 -0.0032959085445401579 0.017598067211807965 -0.01574949002344327 0.0089577460563996115 -0.011522953998464383 -0.011647875952324249 0.0067329379923080739 -0.0019253947784052584 0.0014380266290589634 0.013142947461752777
leaf_weight=2.9300417304039028 3.0684575438499442 2.8859013840556136 4.3813948035240182 4.3815926387906066 3.7131666112691155 4.29216012358666 4.4395058676600447 4.1726565323770037 4.4940751343965513 4.8471235185861588 11.102261021733284 4.8739064335823059
leaf_count=19 13 22 31 28 25 19 39 39 25 30 74 28
internal_value=-3.88518e-05 -0.000764922 5.03395e-05 0.00395828 -0.00224901 -0.000580781 0.000872897 0.00329934 -0.00204804 0.00224015 9.84697e-05 0.0111832
internal_weight=59.5822 56.5138 53.6279 19.8652 33.7626 30.0495 27.1194 22.6799 13.5139 9.3412 15.4837 9.16607
internal_count=392 379 357 133 224 199 180 141 94 55 105 47
is_linear=0
shrinkage=0.05


Tree=97
num_leaves=12
num_cat=0
split_feature=2 2 0 2 0 3 2 2 2 0 1
split_gain=0.208346 0.197056 0.678267 0.323219 0.318841 0.270298 0.182928 0.217073 0.252437 0.117643 0.00784896
threshold=0.51190476190476197 0.048054919908466824 18.500000000000004 0.21825396825396828 15.500000000000002 4.5000000000000009 0.28991596638655465 0.21825396825396828 0.14642857142857144 13.500000000000002 1.5000000000000002
decision_type=2 2 2 2 2 2 2 2 2 2 2
left_child=1 9 4 -4 5 6 7 8 10 -1 -3
right_child=-2 2 3 -5 -6 -7 -8 -9 -10 -11 -12
leaf_value=-0.0016917945758679607 0.012632994685206287 0.0055956790057972508 -0.0083317419616813146 -0.032149642126577914 0.011880675886025725 -0.013100858845944544 -0.0075198204934321016 0.010379476974016179 -0.0104009577743726 0.0071907231581707686 0.0025469725402446734
leaf_weight=5.867813006043435 3.0764984786510459 4.2455620542168706 3.3888771738857022 2.4571836888790131 4.905428320169448 4.5449146628379813 5.93331404775381 6.0308664441108695 4.676205337047576 10.220312908291817 4.199323695152998
leaf_count=40 13 21 30 16 26 39 40 36 37 68 26
internal_value=-3.81296e-05 -0.000728458 -0.00259276 -0.0183427 7.33345e-05 -0.00188143 0.000151289 0.00252781 -0.00108106 0.00395101 0.00407967
internal_weight=59.5463 56.4698 40.3817 5.84606 34.5356 29.6302 25.0853 19.152 13.1211 16.0881 8.44489
internal_count=392 379 271 46 225 199 160 120 84 108 47
is_linear=0
shrinkage=0.05


Tree=98
num_leaves=13
num_cat=0
split_feature=1 2 2 0 0 3 3 1 0 2 2 3
split_gain=0.209852 0.186832 0.412849 0.409817 0.364094 0.174555 0.133309 0.314289 0.15245 0.122162 0.107842 0.0556967
threshold=7.5000000000000009 0.17752100840336138 0.12916666666666668 16.500000000000004 15.500000000000002 1.5000000000000002 2.5000000000000004 1.0000000180025095e-35 13.500000000000002 0.23538461538461541 0.31789473684210529 1.0000000180025095e-35
decision_type=2 2 2 2 2 2 2 2 2 2 2 2
left_child=1 2 4 9 6 -4 -1 8 -8 -3 11 -11
right_child=-2 3 5 -5 -6 -7 7 -9 -10 10 -12 -13
leaf_value=-0.008765338160646282 -0.012521510154753663 0.0080632757763796688 -0.0034734747665449758 0.018342687126748494 0.016695796262551688 -0.018158166155805809 0.011827801652665053 -0.010814355395841174 0.00091384275687506674 -0.010135667526440469 0.0034092204241920085 -0.001224449780561401
leaf_weight=4.306303530931479 3.1860181838273993 4.480839114636189 3.7268521040678007 4.194963075220584 3.3995440062135449 4.4281957112252712 4.7894482612609872 4.3363149389624587 9.6394033432006836 3.5377673357725126 6.0063138604164124 3.4766038730740547
leaf_count=22 17 44 22 22 24 39 33 27 64 21 37 20
internal_value=-3.75139e-05 0.000668673 -0.00161087 0.00430666 0.00141948 -0.0114473 -0.000831465 0.000989231 0.00453657 0.000942348 -0.00150819 -0.00571891
internal_weight=59.5086 56.3225 34.6261 21.6965 26.471 8.15505 23.0715 18.7652 14.4289 17.5015 13.0207 7.01437
internal_count=392 375 231 144 170 61 146 124 97 122 78 41
is_linear=0
shrinkage=0.05


Tree=99
num_leaves=12
num_cat=0
split_feature=2 2 0 2 0 3 2 2 2 0 1
split_gain=0.201855 0.163279 0.659198 0.298262 0.257935 0.235582 0.178742 0.190779 0.244416 0.113419 0.00687518
threshold=0.51190476190476197 0.048054919908466824 18.500000000000004 0.21825396825396828 15.500000000000002 4.5000000000000009 0.28991596638655465 0.21825396825396828 0.14642857142857144 13.500000000000002 1.5000000000000002
decision_type=2 2 2 2 2 2 2 2 2 2 2
left_child=1 9 4 -4 5 6 7 8 10 -1 -3
right_child=-2 2 3 -5 -6 -7 -8 -9 -10 -11 -12
leaf_value=-0.0020037358331987569 0.012434640972611053 0.0057807101700532463 -0.0084044637684369036 -0.031370619957151687 0.01080272550270705 -0.012106205606584285 -0.007265203244618778 0.010022822165206054 -0.0099146694680959085 0.0066975174514132098 0.0029243646360907244
leaf_weight=5.891773760318757 3.0767303258180609 4.2439958825707524 3.384782573208212 2.4276743680238724 4.9226575419306746 4.4899395480751982 5.9147724211215964 6.0488730743527404 4.6523648165166369 10.278673842549324 4.1832392401993275
leaf_count=40 13 21 30 16 26 39 40 36 37 68 26
internal_value=-3.68668e-05 -0.000716745 -0.00242097 -0.0179967 0.000206546 -0.00155965 0.000331216 0.00268013 -0.000715621 0.00352718 0.00436283
internal_weight=59.5155 56.4387 40.2683 5.81246 34.4558 29.5332 25.0432 19.1285 13.0796 16.1704 8.42724
internal_count=392 379 271 46 225 199 160 120 84 108 47
is_linear=0
shrinkage=0.05


end of trees

feature_importances:
Column_3=385
Column_2=382
Column_0=249
Column_1=179

parameters:
[boosting: gbdt]
[objective: binary]
[metric: binary_logloss]
[tree_learner: serial]
[device_type: cpu]
[data_sample_strategy: bagging]
[data: ]
[valid: ]
[num_iterations: 100]
[learning_rate: 0.05]
[num_leaves: 31]
[num_threads: 10]
[seed: 42]
[deterministic: 0]
[force_col_wise: 0]
[force_row_wise: 0]
[histogram_pool_size: -1]
[max_depth: -1]
[min_data_in_leaf: 20]
[min_sum_hessian_in_leaf: 0.001]
[bagging_fraction: 1]
[pos_bagging_fraction: 1]
[neg_bagging_fraction: 1]
[bagging_freq: 0]
[bagging_seed: 400]
[bagging_by_query: 0]
[feature_fraction: 1]
[feature_fraction_bynode: 1]
[feature_fraction_seed: 30056]
[extra_trees: 0]
[extra_seed: 12879]
[early_stopping_round: 0]
[early_stopping_min_delta: 0]
[first_metric_only: 0]
[max_delta_step: 0]
[lambda_l1: 0]
[lambda_l2: 0]
[linear_lambda: 0]
[min_gain_to_split: 0]
[drop_rate: 0.1]
[max_drop: 50]
[skip_drop: 0.5]
[xgboost_dart_mode: 0]
[uniform_drop: 0]
[drop_seed: 17869]
[top_rate: 0.2]
[other_rate: 0.1]
[min_data_per_group: 100]
[max_cat_threshold: 32]
[cat_l2: 10]
[cat_smooth: 10]
[max_cat_to_onehot: 4]
[top_k: 20]
[monotone_constraints: ]
[monotone_constraints_method: basic]
[monotone_penalty: 0]
[feature_contri: ]
[forcedsplits_filename: ]
[refit_decay_rate: 0.9]
[cegb_tradeoff: 1]
[cegb_penalty_split: 0]
[cegb_penalty_feature_lazy: ]
[cegb_penalty_feature_coupled: ]
[path_smooth: 0]
[interaction_constraints: ]
[verbosity: -1]
[saved_feature_importance_type: 0]
[use_quantized_grad: 0]
[num_grad_quant_bins: 4]
[quant_train_renew_leaf: 0]
[stochastic_rounding: 1]
[linear_tree: 0]
[max_bin: 255]
[max_bin_by_feature: ]
[min_data_in_bin: 3]
[bin_construct_sample_cnt: 200000]
[data_random_seed: 175]
[is_enable_sparse: 1]
[enable_bundle: 1]
[use_missing: 1]
[zero_as_missing: 0]
[feature_pre_filter: 1]
[pre_partition: 0]
[two_round: 0]
[header: 0]
[label_column: ]
[weight_column: ]
[group_column: ]
[ignore_column: ]
[categorical_feature: ]
[forcedbins_filename: ]
[precise_float_parser: 0]
[parser_config_file: ]
[objective_seed: 16083]
[num_class: 1]
[is_unbalance: 0]
[scale_pos_weight: 1]
[sigmoid: 1]
[boost_from_average: 1]
[reg_sqrt: 0]
[alpha: 0.9]
[fair_c: 1]
[poisson_max_delta_step: 0.7]
[tweedie_variance_power: 1.5]
[lambdarank_truncation_level: 30]
[lambdarank_norm: 1]
[label_gain: ]
[lambdarank_position_bias_regularization: 0]
[eval_at: ]
[multi_error_top_k: 1]
[auc_mu_weights: ]
[num_machines: 1]
[local_listen_port: 12400]
[time_out: 120]
[machine_list_filename: ]
[machines: ]
[gpu_platform_id: -1]
[gpu_device_id: -1]
[gpu_device_id_list: ]
[gpu_use_dp: 0]
[num_gpu: 1]

end of parameters

pandas_categorical:null
